Year,States,Types of Waste,Amount of Household Wastes Generated (1000 t),Amount of Household Wastes Generated p. Inhabitant (kg)
2004,Baden-Württemberg,Residual household and bulky wastes,1605.6,150
2004,Baden-Württemberg,Separately collected organic wastes,1220.5,114
2004,Baden-Württemberg,Separately collected recyclables,1645.3,154
2004,Baden-Württemberg,Other wastes,9.4,1
2004,Bayern,Residual household and bulky wastes,2039.5,164
2004,Bayern,Separately collected organic wastes,1677.3,135
2004,Bayern,Separately collected recyclables,1854.1,149
2004,Bayern,Other wastes,59.1,5
2004,Berlin,Residual household and bulky wastes,975,288
2004,Berlin,Separately collected organic wastes,99.2,29
2004,Berlin,Separately collected recyclables,390.2,115
2004,Berlin,Other wastes,1.5,0
2004,Brandenburg,Residual household and bulky wastes,558.2,217
2004,Brandenburg,Separately collected organic wastes,72.1,28
2004,Brandenburg,Separately collected recyclables,345.4,135
2004,Brandenburg,Other wastes,6.6,3
2004,Bremen,Residual household and bulky wastes,167,252
2004,Bremen,Separately collected organic wastes,57,86
2004,Bremen,Separately collected recyclables,95,143
2004,Bremen,Other wastes,0.2,0
2004,Hamburg,Residual household and bulky wastes,639.7,369
2004,Hamburg,Separately collected organic wastes,37.3,21
2004,Hamburg,Separately collected recyclables,170.2,98
2004,Hamburg,Other wastes,1.9,1
2004,Hessen,Residual household and bulky wastes,1278.7,210
2004,Hessen,Separately collected organic wastes,727.8,119
2004,Hessen,Separately collected recyclables,810.1,133
2004,Hessen,Other wastes,3.3,1
2004,Mecklenburg-Vorpommern,Residual household and bulky wastes,407.1,237
2004,Mecklenburg-Vorpommern,Separately collected organic wastes,69.7,41
2004,Mecklenburg-Vorpommern,Separately collected recyclables,253.6,147
2004,Mecklenburg-Vorpommern,Other wastes,1.4,1
2004,Niedersachsen,Residual household and bulky wastes,1658.1,207
2004,Niedersachsen,Separately collected organic wastes,1105.2,138
2004,Niedersachsen,Separately collected recyclables,1160.5,145
2004,Niedersachsen,Other wastes,10.1,1
2004,Nordrhein-Westfalen,Residual household and bulky wastes,4136.7,229
2004,Nordrhein-Westfalen,Separately collected organic wastes,1841.3,102
2004,Nordrhein-Westfalen,Separately collected recyclables,2399.7,133
2004,Nordrhein-Westfalen,Other wastes,98.1,5
2004,Rheinland-Pfalz,Residual household and bulky wastes,804.1,198
2004,Rheinland-Pfalz,Separately collected organic wastes,532.5,131
2004,Rheinland-Pfalz,Separately collected recyclables,643.2,158
2004,Rheinland-Pfalz,Other wastes,21.5,5
2004,Saarland,Residual household and bulky wastes,268.8,254
2004,Saarland,Separately collected organic wastes,160.3,152
2004,Saarland,Separately collected recyclables,126.4,120
2004,Saarland,Other wastes,0.5,0
2004,Sachsen,Residual household and bulky wastes,696,162
2004,Sachsen,Separately collected organic wastes,203.3,47
2004,Sachsen,Separately collected recyclables,588.7,137
2004,Sachsen,Other wastes,2.6,1
2004,Sachsen-Anhalt,Residual household and bulky wastes,625.3,251
2004,Sachsen-Anhalt,Separately collected organic wastes,183.3,73
2004,Sachsen-Anhalt,Separately collected recyclables,338.4,136
2004,Sachsen-Anhalt,Other wastes,20.8,8
2004,Schleswig-Holstein,Residual household and bulky wastes,688.5,243
2004,Schleswig-Holstein,Separately collected organic wastes,280.5,99
2004,Schleswig-Holstein,Separately collected recyclables,413.7,146
2004,Schleswig-Holstein,Other wastes,1.9,1
2004,Thüringen,Residual household and bulky wastes,497.5,211
2004,Thüringen,Separately collected organic wastes,143.8,61
2004,Thüringen,Separately collected recyclables,336.3,143
2004,Thüringen,Other wastes,14.7,6
2005,Baden-Württemberg,Residual household and bulky wastes,1568.3,146
2005,Baden-Württemberg,Separately collected organic wastes,1239.3,115
2005,Baden-Württemberg,Separately collected recyclables,1702.7,159
2005,Baden-Württemberg,Other wastes,8.8,1
2005,Bayern,Residual household and bulky wastes,2037.5,163
2005,Bayern,Separately collected organic wastes,1597.1,128
2005,Bayern,Separately collected recyclables,1926.1,154
2005,Bayern,Other wastes,54.1,4
2005,Berlin,Residual household and bulky wastes,978.9,288
2005,Berlin,Separately collected organic wastes,113.8,34
2005,Berlin,Separately collected recyclables,406.7,120
2005,Berlin,Other wastes,1.5,0
2005,Brandenburg,Residual household and bulky wastes,562.5,220
2005,Brandenburg,Separately collected organic wastes,72.5,28
2005,Brandenburg,Separately collected recyclables,352.7,138
2005,Brandenburg,Other wastes,4.1,2
2005,Bremen,Residual household and bulky wastes,164.1,247
2005,Bremen,Separately collected organic wastes,58,88
2005,Bremen,Separately collected recyclables,88.1,133
2005,Bremen,Other wastes,0.3,0
2005,Hamburg,Residual household and bulky wastes,629.8,361
2005,Hamburg,Separately collected organic wastes,36.2,21
2005,Hamburg,Separately collected recyclables,163.8,94
2005,Hamburg,Other wastes,1.9,1
2005,Hessen,Residual household and bulky wastes,1266.4,208
2005,Hessen,Separately collected organic wastes,705.4,116
2005,Hessen,Separately collected recyclables,808.6,133
2005,Hessen,Other wastes,3.3,1
2005,Mecklenburg-Vorpommern,Residual household and bulky wastes,400.6,235
2005,Mecklenburg-Vorpommern,Separately collected organic wastes,70.9,42
2005,Mecklenburg-Vorpommern,Separately collected recyclables,245.6,144
2005,Mecklenburg-Vorpommern,Other wastes,0.9,1
2005,Niedersachsen,Residual household and bulky wastes,1590.7,199
2005,Niedersachsen,Separately collected organic wastes,1121.6,140
2005,Niedersachsen,Separately collected recyclables,1202.1,150
2005,Niedersachsen,Other wastes,4.5,1
2005,Nordrhein-Westfalen,Residual household and bulky wastes,4108.4,228
2005,Nordrhein-Westfalen,Separately collected organic wastes,1844.1,102
2005,Nordrhein-Westfalen,Separately collected recyclables,2350.1,130
2005,Nordrhein-Westfalen,Other wastes,38.3,2
2005,Rheinland-Pfalz,Residual household and bulky wastes,808.9,199
2005,Rheinland-Pfalz,Separately collected organic wastes,523.2,129
2005,Rheinland-Pfalz,Separately collected recyclables,654.8,161
2005,Rheinland-Pfalz,Other wastes,17.9,4
2005,Saarland,Residual household and bulky wastes,268.2,255
2005,Saarland,Separately collected organic wastes,141.2,134
2005,Saarland,Separately collected recyclables,127.1,121
2005,Saarland,Other wastes,0.6,1
2005,Sachsen,Residual household and bulky wastes,682,160
2005,Sachsen,Separately collected organic wastes,217,51
2005,Sachsen,Separately collected recyclables,561.4,131
2005,Sachsen,Other wastes,3.5,1
2005,Sachsen-Anhalt,Residual household and bulky wastes,582.7,236
2005,Sachsen-Anhalt,Separately collected organic wastes,183.1,74
2005,Sachsen-Anhalt,Separately collected recyclables,333.3,135
2005,Sachsen-Anhalt,Other wastes,10.3,4
2005,Schleswig-Holstein,Residual household and bulky wastes,656.5,232
2005,Schleswig-Holstein,Separately collected organic wastes,269.5,95
2005,Schleswig-Holstein,Separately collected recyclables,408.2,144
2005,Schleswig-Holstein,Other wastes,1.8,1
2005,Thüringen,Residual household and bulky wastes,471.7,202
2005,Thüringen,Separately collected organic wastes,144.3,62
2005,Thüringen,Separately collected recyclables,334.4,143
2005,Thüringen,Other wastes,10.5,4
2006,Baden-Württemberg,Residual household and bulky wastes,1584,148
2006,Baden-Württemberg,Separately collected organic wastes,1232.4,115
2006,Baden-Württemberg,Separately collected recyclables,1751.5,163
2006,Baden-Württemberg,Other wastes,8.6,1
2006,Bayern,Residual household and bulky wastes,2066,165
2006,Bayern,Separately collected organic wastes,1630.2,130
2006,Bayern,Separately collected recyclables,1976.8,158
2006,Bayern,Other wastes,58.1,5
2006,Berlin,Residual household and bulky wastes,944.1,277
2006,Berlin,Separately collected organic wastes,119,35
2006,Berlin,Separately collected recyclables,414.2,122
2006,Berlin,Other wastes,2.2,1
2006,Brandenburg,Residual household and bulky wastes,569.2,223
2006,Brandenburg,Separately collected organic wastes,56.9,22
2006,Brandenburg,Separately collected recyclables,356.6,140
2006,Brandenburg,Other wastes,2.2,1
2006,Bremen,Residual household and bulky wastes,165.9,250
2006,Bremen,Separately collected organic wastes,57,86
2006,Bremen,Separately collected recyclables,86.4,130
2006,Bremen,Other wastes,0.2,0
2006,Hamburg,Residual household and bulky wastes,612.7,349
2006,Hamburg,Separately collected organic wastes,35.7,20
2006,Hamburg,Separately collected recyclables,167.6,96
2006,Hamburg,Other wastes,2.1,1
2006,Hessen,Residual household and bulky wastes,1288.3,212
2006,Hessen,Separately collected organic wastes,722.3,119
2006,Hessen,Separately collected recyclables,863.1,142
2006,Hessen,Other wastes,3.1,1
2006,Mecklenburg-Vorpommern,Residual household and bulky wastes,392,231
2006,Mecklenburg-Vorpommern,Separately collected organic wastes,74.1,44
2006,Mecklenburg-Vorpommern,Separately collected recyclables,248.2,147
2006,Mecklenburg-Vorpommern,Other wastes,0.8,1
2006,Niedersachsen,Residual household and bulky wastes,1588.8,199
2006,Niedersachsen,Separately collected organic wastes,1146,144
2006,Niedersachsen,Separately collected recyclables,1235.2,155
2006,Niedersachsen,Other wastes,7.4,1
2006,Nordrhein-Westfalen,Residual household and bulky wastes,4091.4,227
2006,Nordrhein-Westfalen,Separately collected organic wastes,1864.2,103
2006,Nordrhein-Westfalen,Separately collected recyclables,2496.9,138
2006,Nordrhein-Westfalen,Other wastes,25.7,1
2006,Rheinland-Pfalz,Residual household and bulky wastes,800.5,198
2006,Rheinland-Pfalz,Separately collected organic wastes,535.7,132
2006,Rheinland-Pfalz,Separately collected recyclables,677.1,167
2006,Rheinland-Pfalz,Other wastes,17.7,4
2006,Saarland,Residual household and bulky wastes,258.1,247
2006,Saarland,Separately collected organic wastes,134.6,129
2006,Saarland,Separately collected recyclables,132.9,127
2006,Saarland,Other wastes,0.5,1
2006,Sachsen,Residual household and bulky wastes,662.4,156
2006,Sachsen,Separately collected organic wastes,208.2,49
2006,Sachsen,Separately collected recyclables,557.1,131
2006,Sachsen,Other wastes,16.3,4
2006,Sachsen-Anhalt,Residual household and bulky wastes,535.7,219
2006,Sachsen-Anhalt,Separately collected organic wastes,207.7,85
2006,Sachsen-Anhalt,Separately collected recyclables,324.6,133
2006,Sachsen-Anhalt,Other wastes,7.1,3
2006,Schleswig-Holstein,Residual household and bulky wastes,654.5,231
2006,Schleswig-Holstein,Separately collected organic wastes,279.7,99
2006,Schleswig-Holstein,Separately collected recyclables,427.5,151
2006,Schleswig-Holstein,Other wastes,2.4,1
2006,Thüringen,Residual household and bulky wastes,473.2,205
2006,Thüringen,Separately collected organic wastes,146,63
2006,Thüringen,Separately collected recyclables,321.4,139
2006,Thüringen,Other wastes,8.7,4
2007,Baden-Württemberg,Residual household and bulky wastes,1540.5,143
2007,Baden-Württemberg,Separately collected organic wastes,1285.7,120
2007,Baden-Württemberg,Separately collected recyclables,1768,164
2007,Baden-Württemberg,Other wastes,6.9,1
2007,Bayern,Residual household and bulky wastes,2043.8,163
2007,Bayern,Separately collected organic wastes,1651.6,132
2007,Bayern,Separately collected recyclables,1982,158
2007,Bayern,Other wastes,65.3,5
2007,Berlin,Residual household and bulky wastes,927.6,272
2007,Berlin,Separately collected organic wastes,121.3,36
2007,Berlin,Separately collected recyclables,420.9,123
2007,Berlin,Other wastes,2.3,1
2007,Brandenburg,Residual household and bulky wastes,557.9,220
2007,Brandenburg,Separately collected organic wastes,85.3,34
2007,Brandenburg,Separately collected recyclables,355.7,140
2007,Brandenburg,Other wastes,2.2,1
2007,Bremen,Residual household and bulky wastes,163.7,247
2007,Bremen,Separately collected organic wastes,59.4,90
2007,Bremen,Separately collected recyclables,86.4,130
2007,Bremen,Other wastes,0.2,0
2007,Hamburg,Residual household and bulky wastes,618.4,349
2007,Hamburg,Separately collected organic wastes,37.8,21
2007,Hamburg,Separately collected recyclables,177.4,100
2007,Hamburg,Other wastes,2.1,1
2007,Hessen,Residual household and bulky wastes,1260.2,208
2007,Hessen,Separately collected organic wastes,742.6,122
2007,Hessen,Separately collected recyclables,836.1,138
2007,Hessen,Other wastes,3.4,1
2007,Mecklenburg-Vorpommern,Residual household and bulky wastes,391.7,233
2007,Mecklenburg-Vorpommern,Separately collected organic wastes,81,48
2007,Mecklenburg-Vorpommern,Separately collected recyclables,246.7,147
2007,Mecklenburg-Vorpommern,Other wastes,0.9,1
2007,Niedersachsen,Residual household and bulky wastes,1579.4,198
2007,Niedersachsen,Separately collected organic wastes,1208.3,152
2007,Niedersachsen,Separately collected recyclables,1238.1,155
2007,Niedersachsen,Other wastes,7,1
2007,Nordrhein-Westfalen,Residual household and bulky wastes,4069.8,226
2007,Nordrhein-Westfalen,Separately collected organic wastes,1955.6,109
2007,Nordrhein-Westfalen,Separately collected recyclables,2477.6,138
2007,Nordrhein-Westfalen,Other wastes,30.4,2
2007,Rheinland-Pfalz,Residual household and bulky wastes,782.3,193
2007,Rheinland-Pfalz,Separately collected organic wastes,548.6,136
2007,Rheinland-Pfalz,Separately collected recyclables,677.1,167
2007,Rheinland-Pfalz,Other wastes,20,5
2007,Saarland,Residual household and bulky wastes,250,241
2007,Saarland,Separately collected organic wastes,134.3,130
2007,Saarland,Separately collected recyclables,139.9,135
2007,Saarland,Other wastes,0.7,1
2007,Sachsen,Residual household and bulky wastes,654.5,155
2007,Sachsen,Separately collected organic wastes,217.4,52
2007,Sachsen,Separately collected recyclables,531.9,126
2007,Sachsen,Other wastes,3.3,1
2007,Sachsen-Anhalt,Residual household and bulky wastes,525.6,218
2007,Sachsen-Anhalt,Separately collected organic wastes,220.1,91
2007,Sachsen-Anhalt,Separately collected recyclables,301.3,125
2007,Sachsen-Anhalt,Other wastes,7,3
2007,Schleswig-Holstein,Residual household and bulky wastes,648.1,228
2007,Schleswig-Holstein,Separately collected organic wastes,278,98
2007,Schleswig-Holstein,Separately collected recyclables,428,151
2007,Schleswig-Holstein,Other wastes,2.4,1
2007,Thüringen,Residual household and bulky wastes,428.1,187
2007,Thüringen,Separately collected organic wastes,153.1,67
2007,Thüringen,Separately collected recyclables,306.1,134
2007,Thüringen,Other wastes,8,4
2008,Baden-Württemberg,Residual household and bulky wastes,1536.7,143
2008,Baden-Württemberg,Separately collected organic wastes,1286.2,120
2008,Baden-Württemberg,Separately collected recyclables,1754,163
2008,Baden-Württemberg,Other wastes,6.9,1
2008,Bayern,Residual household and bulky wastes,2037.6,163
2008,Bayern,Separately collected organic wastes,1715.5,137
2008,Bayern,Separately collected recyclables,1958.3,156
2008,Bayern,Other wastes,64,5
2008,Berlin,Residual household and bulky wastes,897.8,262
2008,Berlin,Separately collected organic wastes,110.2,32
2008,Berlin,Separately collected recyclables,411.2,120
2008,Berlin,Other wastes,1.9,1
2008,Brandenburg,Residual household and bulky wastes,503.7,200
2008,Brandenburg,Separately collected organic wastes,80.6,32
2008,Brandenburg,Separately collected recyclables,347.8,138
2008,Brandenburg,Other wastes,1.4,1
2008,Bremen,Residual household and bulky wastes,161,243
2008,Bremen,Separately collected organic wastes,58.1,88
2008,Bremen,Separately collected recyclables,84.5,128
2008,Bremen,Other wastes,0.2,0
2008,Hamburg,Residual household and bulky wastes,600.3,339
2008,Hamburg,Separately collected organic wastes,35,20
2008,Hamburg,Separately collected recyclables,180.9,102
2008,Hamburg,Other wastes,2.2,1
2008,Hessen,Residual household and bulky wastes,1235.2,204
2008,Hessen,Separately collected organic wastes,742.2,122
2008,Hessen,Separately collected recyclables,831.1,137
2008,Hessen,Other wastes,2.9,0
2008,Mecklenburg-Vorpommern,Residual household and bulky wastes,379.2,228
2008,Mecklenburg-Vorpommern,Separately collected organic wastes,79,47
2008,Mecklenburg-Vorpommern,Separately collected recyclables,232,139
2008,Mecklenburg-Vorpommern,Other wastes,0.9,1
2008,Niedersachsen,Residual household and bulky wastes,1538.2,194
2008,Niedersachsen,Separately collected organic wastes,1208.1,152
2008,Niedersachsen,Separately collected recyclables,1222.5,154
2008,Niedersachsen,Other wastes,11.2,1
2008,Nordrhein-Westfalen,Residual household and bulky wastes,4001.7,223
2008,Nordrhein-Westfalen,Separately collected organic wastes,1900.7,106
2008,Nordrhein-Westfalen,Separately collected recyclables,2361.1,132
2008,Nordrhein-Westfalen,Other wastes,33.5,2
2008,Rheinland-Pfalz,Residual household and bulky wastes,769.5,191
2008,Rheinland-Pfalz,Separately collected organic wastes,555.6,138
2008,Rheinland-Pfalz,Separately collected recyclables,675.8,168
2008,Rheinland-Pfalz,Other wastes,17.4,4
2008,Saarland,Residual household and bulky wastes,246.9,240
2008,Saarland,Separately collected organic wastes,136.6,133
2008,Saarland,Separately collected recyclables,128.6,125
2008,Saarland,Other wastes,0.8,1
2008,Sachsen,Residual household and bulky wastes,641,153
2008,Sachsen,Separately collected organic wastes,206.9,49
2008,Sachsen,Separately collected recyclables,500.4,119
2008,Sachsen,Other wastes,3.7,1
2008,Sachsen-Anhalt,Residual household and bulky wastes,496.6,208
2008,Sachsen-Anhalt,Separately collected organic wastes,219.2,92
2008,Sachsen-Anhalt,Separately collected recyclables,309.7,130
2008,Sachsen-Anhalt,Other wastes,5.3,2
2008,Schleswig-Holstein,Residual household and bulky wastes,637.1,225
2008,Schleswig-Holstein,Separately collected organic wastes,258.1,91
2008,Schleswig-Holstein,Separately collected recyclables,431.9,152
2008,Schleswig-Holstein,Other wastes,2.5,1
2008,Thüringen,Residual household and bulky wastes,414,183
2008,Thüringen,Separately collected organic wastes,151,67
2008,Thüringen,Separately collected recyclables,291.1,128
2008,Thüringen,Other wastes,7.6,3
2009,Baden-Württemberg,Residual household and bulky wastes,1566.6,146
2009,Baden-Württemberg,Separately collected organic wastes,1351.9,126
2009,Baden-Württemberg,Separately collected recyclables,1754.8,163
2009,Baden-Württemberg,Other wastes,7.6,1
2009,Bayern,Residual household and bulky wastes,2056.8,164
2009,Bayern,Separately collected organic wastes,1772.2,142
2009,Bayern,Separately collected recyclables,1967.2,157
2009,Bayern,Other wastes,67.4,5
2009,Berlin,Residual household and bulky wastes,911.4,265
2009,Berlin,Separately collected organic wastes,126.4,37
2009,Berlin,Separately collected recyclables,401.8,117
2009,Berlin,Other wastes,1.9,1
2009,Brandenburg,Residual household and bulky wastes,532.5,212
2009,Brandenburg,Separately collected organic wastes,98.3,39
2009,Brandenburg,Separately collected recyclables,343,137
2009,Brandenburg,Other wastes,2,1
2009,Bremen,Residual household and bulky wastes,161.6,244
2009,Bremen,Separately collected organic wastes,59.4,90
2009,Bremen,Separately collected recyclables,81.6,123
2009,Bremen,Other wastes,0.2,0
2009,Hamburg,Residual household and bulky wastes,586.2,330
2009,Hamburg,Separately collected organic wastes,36.1,20
2009,Hamburg,Separately collected recyclables,178.2,100
2009,Hamburg,Other wastes,2.5,1
2009,Hessen,Residual household and bulky wastes,1252.8,207
2009,Hessen,Separately collected organic wastes,788.9,130
2009,Hessen,Separately collected recyclables,848.4,140
2009,Hessen,Other wastes,22.1,4
2009,Mecklenburg-Vorpommern,Residual household and bulky wastes,381.2,231
2009,Mecklenburg-Vorpommern,Separately collected organic wastes,86.8,53
2009,Mecklenburg-Vorpommern,Separately collected recyclables,221.5,134
2009,Mecklenburg-Vorpommern,Other wastes,0.9,1
2009,Niedersachsen,Residual household and bulky wastes,1525.4,192
2009,Niedersachsen,Separately collected organic wastes,1191.1,150
2009,Niedersachsen,Separately collected recyclables,1226.4,155
2009,Niedersachsen,Other wastes,9.9,1
2009,Nordrhein-Westfalen,Residual household and bulky wastes,4040.2,226
2009,Nordrhein-Westfalen,Separately collected organic wastes,1955.6,109
2009,Nordrhein-Westfalen,Separately collected recyclables,2330.2,130
2009,Nordrhein-Westfalen,Other wastes,43.1,2
2009,Rheinland-Pfalz,Residual household and bulky wastes,775,193
2009,Rheinland-Pfalz,Separately collected organic wastes,590.5,147
2009,Rheinland-Pfalz,Separately collected recyclables,686.5,171
2009,Rheinland-Pfalz,Other wastes,20.1,5
2009,Saarland,Residual household and bulky wastes,245.5,240
2009,Saarland,Separately collected organic wastes,140.8,138
2009,Saarland,Separately collected recyclables,119.7,117
2009,Saarland,Other wastes,0.6,1
2009,Sachsen,Residual household and bulky wastes,642.3,154
2009,Sachsen,Separately collected organic wastes,222.9,53
2009,Sachsen,Separately collected recyclables,500.1,120
2009,Sachsen,Other wastes,3.3,1
2009,Sachsen-Anhalt,Residual household and bulky wastes,494.6,210
2009,Sachsen-Anhalt,Separately collected organic wastes,240.5,102
2009,Sachsen-Anhalt,Separately collected recyclables,307.6,131
2009,Sachsen-Anhalt,Other wastes,4,2
2009,Schleswig-Holstein,Residual household and bulky wastes,642,227
2009,Schleswig-Holstein,Separately collected organic wastes,268.4,95
2009,Schleswig-Holstein,Separately collected recyclables,430.4,152
2009,Schleswig-Holstein,Other wastes,2.5,1
2009,Thüringen,Residual household and bulky wastes,424,188
2009,Thüringen,Separately collected organic wastes,166.6,74
2009,Thüringen,Separately collected recyclables,292.8,130
2009,Thüringen,Other wastes,7.6,3
2010,Baden-Württemberg,Residual household and bulky wastes,1556.7,145
2010,Baden-Württemberg,Separately collected organic wastes,1294.9,120
2010,Baden-Württemberg,Separately collected recyclables,1753.1,163
2010,Baden-Württemberg,Other wastes,7.2,1
2010,Bayern,Residual household and bulky wastes,2050.4,164
2010,Bayern,Separately collected organic wastes,1733.7,138
2010,Bayern,Separately collected recyclables,1976.2,158
2010,Bayern,Other wastes,84.6,7
2010,Berlin,Residual household and bulky wastes,893,258
2010,Berlin,Separately collected organic wastes,114.6,33
2010,Berlin,Separately collected recyclables,399.3,115
2010,Berlin,Other wastes,2.6,1
2010,Brandenburg,Residual household and bulky wastes,533.3,213
2010,Brandenburg,Separately collected organic wastes,99.9,40
2010,Brandenburg,Separately collected recyclables,346.5,138
2010,Brandenburg,Other wastes,2.1,1
2010,Bremen,Residual household and bulky wastes,158.3,240
2010,Bremen,Separately collected organic wastes,56.6,86
2010,Bremen,Separately collected recyclables,80.4,122
2010,Bremen,Other wastes,0.2,0
2010,Hamburg,Residual household and bulky wastes,566.9,317
2010,Hamburg,Separately collected organic wastes,37.2,21
2010,Hamburg,Separately collected recyclables,180.7,101
2010,Hamburg,Other wastes,2.6,1
2010,Hessen,Residual household and bulky wastes,1246.3,205
2010,Hessen,Separately collected organic wastes,779.1,128
2010,Hessen,Separately collected recyclables,840.1,138
2010,Hessen,Other wastes,3.2,1
2010,Mecklenburg-Vorpommern,Residual household and bulky wastes,378.1,230
2010,Mecklenburg-Vorpommern,Separately collected organic wastes,81.9,50
2010,Mecklenburg-Vorpommern,Separately collected recyclables,222.4,135
2010,Mecklenburg-Vorpommern,Other wastes,1,1
2010,Niedersachsen,Residual household and bulky wastes,1509.5,191
2010,Niedersachsen,Separately collected organic wastes,1143.4,144
2010,Niedersachsen,Separately collected recyclables,1234.2,156
2010,Niedersachsen,Other wastes,8.2,1
2010,Nordrhein-Westfalen,Residual household and bulky wastes,3998.7,224
2010,Nordrhein-Westfalen,Separately collected organic wastes,1866,105
2010,Nordrhein-Westfalen,Separately collected recyclables,2360.1,132
2010,Nordrhein-Westfalen,Other wastes,43.8,2
2010,Rheinland-Pfalz,Residual household and bulky wastes,777.3,194
2010,Rheinland-Pfalz,Separately collected organic wastes,582.8,146
2010,Rheinland-Pfalz,Separately collected recyclables,683.6,171
2010,Rheinland-Pfalz,Other wastes,17.1,4
2010,Saarland,Residual household and bulky wastes,245.9,242
2010,Saarland,Separately collected organic wastes,135.6,133
2010,Saarland,Separately collected recyclables,116.4,114
2010,Saarland,Other wastes,0.5,1
2010,Sachsen,Residual household and bulky wastes,631.8,152
2010,Sachsen,Separately collected organic wastes,213.7,51
2010,Sachsen,Separately collected recyclables,494.4,119
2010,Sachsen,Other wastes,3.1,1
2010,Sachsen-Anhalt,Residual household and bulky wastes,495.7,212
2010,Sachsen-Anhalt,Separately collected organic wastes,224.7,96
2010,Sachsen-Anhalt,Separately collected recyclables,311,133
2010,Sachsen-Anhalt,Other wastes,2.9,1
2010,Schleswig-Holstein,Residual household and bulky wastes,633.1,223
2010,Schleswig-Holstein,Separately collected organic wastes,255.6,90
2010,Schleswig-Holstein,Separately collected recyclables,434,153
2010,Schleswig-Holstein,Other wastes,2.5,1
2010,Thüringen,Residual household and bulky wastes,413.2,185
2010,Thüringen,Separately collected organic wastes,160,72
2010,Thüringen,Separately collected recyclables,292.2,131
2010,Thüringen,Other wastes,7.5,3
2011,Baden-Württemberg,Residual household and bulky wastes,1555,148
2011,Baden-Württemberg,Separately collected organic wastes,1372.5,131
2011,Baden-Württemberg,Separately collected recyclables,1779.3,169
2011,Baden-Württemberg,Other wastes,7.5,1
2011,Bayern,Residual household and bulky wastes,2080.4,167
2011,Bayern,Separately collected organic wastes,1781.6,143
2011,Bayern,Separately collected recyclables,2040.9,164
2011,Bayern,Other wastes,6.7,1
2011,Berlin,Residual household and bulky wastes,880.1,265
2011,Berlin,Separately collected organic wastes,127,38
2011,Berlin,Separately collected recyclables,416.5,125
2011,Berlin,Other wastes,2.5,1
2011,Brandenburg,Residual household and bulky wastes,534.4,218
2011,Brandenburg,Separately collected organic wastes,109.5,45
2011,Brandenburg,Separately collected recyclables,347.5,142
2011,Brandenburg,Other wastes,2.3,1
2011,Bremen,Residual household and bulky wastes,159.6,245
2011,Bremen,Separately collected organic wastes,57,87
2011,Bremen,Separately collected recyclables,81.3,125
2011,Bremen,Other wastes,0.2,0
2011,Hamburg,Residual household and bulky wastes,551.8,321
2011,Hamburg,Separately collected organic wastes,55.1,32
2011,Hamburg,Separately collected recyclables,193.3,113
2011,Hamburg,Other wastes,2.7,2
2011,Hessen,Residual household and bulky wastes,1227,205
2011,Hessen,Separately collected organic wastes,768.2,128
2011,Hessen,Separately collected recyclables,855.2,143
2011,Hessen,Other wastes,3.1,1
2011,Mecklenburg-Vorpommern,Residual household and bulky wastes,380.1,237
2011,Mecklenburg-Vorpommern,Separately collected organic wastes,94.1,59
2011,Mecklenburg-Vorpommern,Separately collected recyclables,222.8,139
2011,Mecklenburg-Vorpommern,Other wastes,1,1
2011,Niedersachsen,Residual household and bulky wastes,1518.4,195
2011,Niedersachsen,Separately collected organic wastes,1192.4,153
2011,Niedersachsen,Separately collected recyclables,1280.3,165
2011,Niedersachsen,Other wastes,7,1
2011,Nordrhein-Westfalen,Residual household and bulky wastes,3975,227
2011,Nordrhein-Westfalen,Separately collected organic wastes,1900.4,108
2011,Nordrhein-Westfalen,Separately collected recyclables,2417.9,138
2011,Nordrhein-Westfalen,Other wastes,29.4,2
2011,Rheinland-Pfalz,Residual household and bulky wastes,766.9,192
2011,Rheinland-Pfalz,Separately collected organic wastes,587.8,147
2011,Rheinland-Pfalz,Separately collected recyclables,699.2,175
2011,Rheinland-Pfalz,Other wastes,17,4
2011,Saarland,Residual household and bulky wastes,189.6,190
2011,Saarland,Separately collected organic wastes,140.6,141
2011,Saarland,Separately collected recyclables,133.3,134
2011,Saarland,Other wastes,0.5,1
2011,Sachsen,Residual household and bulky wastes,633.9,156
2011,Sachsen,Separately collected organic wastes,220.8,54
2011,Sachsen,Separately collected recyclables,502.6,124
2011,Sachsen,Other wastes,3.8,1
2011,Sachsen-Anhalt,Residual household and bulky wastes,481.3,211
2011,Sachsen-Anhalt,Separately collected organic wastes,240.8,106
2011,Sachsen-Anhalt,Separately collected recyclables,307.7,135
2011,Sachsen-Anhalt,Other wastes,3.1,1
2011,Schleswig-Holstein,Residual household and bulky wastes,654.7,234
2011,Schleswig-Holstein,Separately collected organic wastes,266.1,95
2011,Schleswig-Holstein,Separately collected recyclables,441.7,158
2011,Schleswig-Holstein,Other wastes,2.9,1
2011,Thüringen,Residual household and bulky wastes,415.7,191
2011,Thüringen,Separately collected organic wastes,169.2,78
2011,Thüringen,Separately collected recyclables,292,134
2011,Thüringen,Other wastes,8.1,4
2012,Baden-Württemberg,Residual household and bulky wastes,1533.2,145
2012,Baden-Württemberg,Separately collected organic wastes,1385.9,131
2012,Baden-Württemberg,Separately collected recyclables,1776.2,168
2012,Baden-Württemberg,Other wastes,8,1
2012,Bayern,Residual household and bulky wastes,2060,165
2012,Bayern,Separately collected organic wastes,1808.2,144
2012,Bayern,Separately collected recyclables,1987.5,159
2012,Bayern,Other wastes,38.2,3
2012,Berlin,Residual household and bulky wastes,861.5,255
2012,Berlin,Separately collected organic wastes,126.5,37
2012,Berlin,Separately collected recyclables,402.6,119
2012,Berlin,Other wastes,2.4,1
2012,Brandenburg,Residual household and bulky wastes,520.9,213
2012,Brandenburg,Separately collected organic wastes,107.2,44
2012,Brandenburg,Separately collected recyclables,333.2,136
2012,Brandenburg,Other wastes,2.3,1
2012,Bremen,Residual household and bulky wastes,150,229
2012,Bremen,Separately collected organic wastes,57.8,88
2012,Bremen,Separately collected recyclables,79.3,121
2012,Bremen,Other wastes,0.2,0
2012,Hamburg,Residual household and bulky wastes,519.7,300
2012,Hamburg,Separately collected organic wastes,67.9,39
2012,Hamburg,Separately collected recyclables,196.8,113
2012,Hamburg,Other wastes,2.4,1
2012,Hessen,Residual household and bulky wastes,1193.3,198
2012,Hessen,Separately collected organic wastes,764.7,127
2012,Hessen,Separately collected recyclables,844,140
2012,Hessen,Other wastes,3.7,1
2012,Mecklenburg-Vorpommern,Residual household and bulky wastes,373.6,233
2012,Mecklenburg-Vorpommern,Separately collected organic wastes,88.1,55
2012,Mecklenburg-Vorpommern,Separately collected recyclables,213.7,134
2012,Mecklenburg-Vorpommern,Other wastes,1,1
2012,Niedersachsen,Residual household and bulky wastes,1486.7,191
2012,Niedersachsen,Separately collected organic wastes,1173.9,151
2012,Niedersachsen,Separately collected recyclables,1278.9,164
2012,Niedersachsen,Other wastes,10.5,1
2012,Nordrhein-Westfalen,Residual household and bulky wastes,3830.4,218
2012,Nordrhein-Westfalen,Separately collected organic wastes,1907,109
2012,Nordrhein-Westfalen,Separately collected recyclables,2491.1,142
2012,Nordrhein-Westfalen,Other wastes,29.4,2
2012,Rheinland-Pfalz,Residual household and bulky wastes,747.7,187
2012,Rheinland-Pfalz,Separately collected organic wastes,587.6,147
2012,Rheinland-Pfalz,Separately collected recyclables,688.9,173
2012,Rheinland-Pfalz,Other wastes,20.1,5
2012,Saarland,Residual household and bulky wastes,186.6,188
2012,Saarland,Separately collected organic wastes,137.7,138
2012,Saarland,Separately collected recyclables,133.7,134
2012,Saarland,Other wastes,0.6,1
2012,Sachsen,Residual household and bulky wastes,606.7,150
2012,Sachsen,Separately collected organic wastes,201.3,50
2012,Sachsen,Separately collected recyclables,485.5,120
2012,Sachsen,Other wastes,3.6,1
2012,Sachsen-Anhalt,Residual household and bulky wastes,459.7,203
2012,Sachsen-Anhalt,Separately collected organic wastes,244.3,108
2012,Sachsen-Anhalt,Separately collected recyclables,296,131
2012,Sachsen-Anhalt,Other wastes,2.6,1
2012,Schleswig-Holstein,Residual household and bulky wastes,645.2,230
2012,Schleswig-Holstein,Separately collected organic wastes,268.7,96
2012,Schleswig-Holstein,Separately collected recyclables,430,153
2012,Schleswig-Holstein,Other wastes,3,1
2012,Thüringen,Residual household and bulky wastes,398.1,183
2012,Thüringen,Separately collected organic wastes,168.9,78
2012,Thüringen,Separately collected recyclables,280.7,129
2012,Thüringen,Other wastes,7.2,3
2013,Baden-Württemberg,Residual household and bulky wastes,1525.3,143
2013,Baden-Württemberg,Separately collected organic wastes,1379,130
2013,Baden-Württemberg,Separately collected recyclables,1788.1,168
2013,Baden-Württemberg,Other wastes,8,1
2013,Bayern,Residual household and bulky wastes,2090.3,166
2013,Bayern,Separately collected organic wastes,1792.7,142
2013,Bayern,Separately collected recyclables,2001.7,159
2013,Bayern,Other wastes,56.4,4
2013,Berlin,Residual household and bulky wastes,866.9,253
2013,Berlin,Separately collected organic wastes,134.5,39
2013,Berlin,Separately collected recyclables,385.6,113
2013,Berlin,Other wastes,2.6,1
2013,Brandenburg,Residual household and bulky wastes,514.9,210
2013,Brandenburg,Separately collected organic wastes,113.8,46
2013,Brandenburg,Separately collected recyclables,330,135
2013,Brandenburg,Other wastes,4.5,2
2013,Bremen,Residual household and bulky wastes,151.5,231
2013,Bremen,Separately collected organic wastes,55.6,85
2013,Bremen,Separately collected recyclables,79.6,121
2013,Bremen,Other wastes,0.2,0
2013,Hamburg,Residual household and bulky wastes,506.5,290
2013,Hamburg,Separately collected organic wastes,71.6,41
2013,Hamburg,Separately collected recyclables,209.4,120
2013,Hamburg,Other wastes,2.5,1
2013,Hessen,Residual household and bulky wastes,1182,196
2013,Hessen,Separately collected organic wastes,762.1,126
2013,Hessen,Separately collected recyclables,841.8,139
2013,Hessen,Other wastes,3.1,1
2013,Mecklenburg-Vorpommern,Residual household and bulky wastes,369.3,231
2013,Mecklenburg-Vorpommern,Separately collected organic wastes,94.5,59
2013,Mecklenburg-Vorpommern,Separately collected recyclables,217.4,136
2013,Mecklenburg-Vorpommern,Other wastes,1,1
2013,Niedersachsen,Residual household and bulky wastes,1474.8,189
2013,Niedersachsen,Separately collected organic wastes,1142.3,147
2013,Niedersachsen,Separately collected recyclables,1278.5,164
2013,Niedersachsen,Other wastes,11.5,1
2013,Nordrhein-Westfalen,Residual household and bulky wastes,3749,213
2013,Nordrhein-Westfalen,Separately collected organic wastes,1888.2,107
2013,Nordrhein-Westfalen,Separately collected recyclables,2469.7,141
2013,Nordrhein-Westfalen,Other wastes,21.2,1
2013,Rheinland-Pfalz,Residual household and bulky wastes,742.9,186
2013,Rheinland-Pfalz,Separately collected organic wastes,588.7,147
2013,Rheinland-Pfalz,Separately collected recyclables,688.1,172
2013,Rheinland-Pfalz,Other wastes,22.4,6
2013,Saarland,Residual household and bulky wastes,186.2,188
2013,Saarland,Separately collected organic wastes,141.6,143
2013,Saarland,Separately collected recyclables,159.3,161
2013,Saarland,Other wastes,0.6,1
2013,Sachsen,Residual household and bulky wastes,608.6,150
2013,Sachsen,Separately collected organic wastes,195.5,48
2013,Sachsen,Separately collected recyclables,491.9,122
2013,Sachsen,Other wastes,4.1,1
2013,Sachsen-Anhalt,Residual household and bulky wastes,462.8,206
2013,Sachsen-Anhalt,Separately collected organic wastes,241.9,108
2013,Sachsen-Anhalt,Separately collected recyclables,302,135
2013,Sachsen-Anhalt,Other wastes,2.9,1
2013,Schleswig-Holstein,Residual household and bulky wastes,629.5,224
2013,Schleswig-Holstein,Separately collected organic wastes,268.7,95
2013,Schleswig-Holstein,Separately collected recyclables,424,151
2013,Schleswig-Holstein,Other wastes,3.1,1
2013,Thüringen,Residual household and bulky wastes,404.9,187
2013,Thüringen,Separately collected organic wastes,185.8,86
2013,Thüringen,Separately collected recyclables,283.6,131
2013,Thüringen,Other wastes,7.3,3
2014,Baden-Württemberg,Residual household and bulky wastes,1526.9,142
2014,Baden-Württemberg,Separately collected organic wastes,1481.9,138
2014,Baden-Württemberg,Separately collected recyclables,1781.9,166
2014,Baden-Württemberg,Other wastes,7.8,1
2014,Bayern,Residual household and bulky wastes,2097.4,165
2014,Bayern,Separately collected organic wastes,1895.4,149
2014,Bayern,Separately collected recyclables,2006.1,158
2014,Bayern,Other wastes,67.8,5
2014,Berlin,Residual household and bulky wastes,868,250
2014,Berlin,Separately collected organic wastes,79.1,23
2014,Berlin,Separately collected recyclables,385,111
2014,Berlin,Other wastes,2.8,1
2014,Brandenburg,Residual household and bulky wastes,513.8,209
2014,Brandenburg,Separately collected organic wastes,135.7,55
2014,Brandenburg,Separately collected recyclables,332.4,135
2014,Brandenburg,Other wastes,4.9,2
2014,Bremen,Residual household and bulky wastes,149.7,226
2014,Bremen,Separately collected organic wastes,58.5,88
2014,Bremen,Separately collected recyclables,80.7,122
2014,Bremen,Other wastes,0.2,0
2014,Hamburg,Residual household and bulky wastes,501.1,284
2014,Hamburg,Separately collected organic wastes,79.3,45
2014,Hamburg,Separately collected recyclables,211.4,120
2014,Hamburg,Other wastes,2.4,1
2014,Hessen,Residual household and bulky wastes,1153.4,189
2014,Hessen,Separately collected organic wastes,828.9,136
2014,Hessen,Separately collected recyclables,869.1,143
2014,Hessen,Other wastes,3.3,1
2014,Mecklenburg-Vorpommern,Residual household and bulky wastes,371,232
2014,Mecklenburg-Vorpommern,Separately collected organic wastes,107.3,67
2014,Mecklenburg-Vorpommern,Separately collected recyclables,221.2,138
2014,Mecklenburg-Vorpommern,Other wastes,1.1,1
2014,Niedersachsen,Residual household and bulky wastes,1477.6,189
2014,Niedersachsen,Separately collected organic wastes,1278.4,163
2014,Niedersachsen,Separately collected recyclables,1306.1,167
2014,Niedersachsen,Other wastes,12.7,2
2014,Nordrhein-Westfalen,Residual household and bulky wastes,3809.1,216
2014,Nordrhein-Westfalen,Separately collected organic wastes,2121.5,120
2014,Nordrhein-Westfalen,Separately collected recyclables,2502.2,142
2014,Nordrhein-Westfalen,Other wastes,22,1
2014,Rheinland-Pfalz,Residual household and bulky wastes,743.4,185
2014,Rheinland-Pfalz,Separately collected organic wastes,642.4,160
2014,Rheinland-Pfalz,Separately collected recyclables,694.5,173
2014,Rheinland-Pfalz,Other wastes,22.5,6
2014,Saarland,Residual household and bulky wastes,186.9,189
2014,Saarland,Separately collected organic wastes,143.6,145
2014,Saarland,Separately collected recyclables,158.7,161
2014,Saarland,Other wastes,0.6,1
2014,Sachsen,Residual household and bulky wastes,605.5,149
2014,Sachsen,Separately collected organic wastes,208.1,51
2014,Sachsen,Separately collected recyclables,491.7,121
2014,Sachsen,Other wastes,3.5,1
2014,Sachsen-Anhalt,Residual household and bulky wastes,456.1,204
2014,Sachsen-Anhalt,Separately collected organic wastes,271.8,122
2014,Sachsen-Anhalt,Separately collected recyclables,302,135
2014,Sachsen-Anhalt,Other wastes,2.7,1
2014,Schleswig-Holstein,Residual household and bulky wastes,662.8,234
2014,Schleswig-Holstein,Separately collected organic wastes,290.6,103
2014,Schleswig-Holstein,Separately collected recyclables,422.9,149
2014,Schleswig-Holstein,Other wastes,3,1
2014,Thüringen,Residual household and bulky wastes,395.6,183
2014,Thüringen,Separately collected organic wastes,208.8,97
2014,Thüringen,Separately collected recyclables,279.7,130
2014,Thüringen,Other wastes,1.3,1
2015,Baden-Württemberg,Residual household and bulky wastes,1534.8,141
2015,Baden-Württemberg,Separately collected organic wastes,1449.2,133
2015,Baden-Württemberg,Separately collected recyclables,1790.6,165
2015,Baden-Württemberg,Other wastes,7.9,1
2015,Bayern,Residual household and bulky wastes,2118.4,165
2015,Bayern,Separately collected organic wastes,1852,144
2015,Bayern,Separately collected recyclables,2020.2,157
2015,Bayern,Other wastes,66.7,5
2015,Berlin,Residual household and bulky wastes,869.5,247
2015,Berlin,Separately collected organic wastes,80.5,23
2015,Berlin,Separately collected recyclables,386.2,110
2015,Berlin,Other wastes,2.4,1
2015,Brandenburg,Residual household and bulky wastes,522.1,210
2015,Brandenburg,Separately collected organic wastes,141.9,57
2015,Brandenburg,Separately collected recyclables,335.5,135
2015,Brandenburg,Other wastes,5.3,2
2015,Bremen,Residual household and bulky wastes,151.2,225
2015,Bremen,Separately collected organic wastes,57.3,85
2015,Bremen,Separately collected recyclables,81.9,122
2015,Bremen,Other wastes,0.2,0
2015,Hamburg,Residual household and bulky wastes,497.8,279
2015,Hamburg,Separately collected organic wastes,87,49
2015,Hamburg,Separately collected recyclables,210.6,118
2015,Hamburg,Other wastes,2.5,1
2015,Hessen,Residual household and bulky wastes,1110.4,180
2015,Hessen,Separately collected organic wastes,801.3,130
2015,Hessen,Separately collected recyclables,868,141
2015,Hessen,Other wastes,3.2,1
2015,Mecklenburg-Vorpommern,Residual household and bulky wastes,368.1,228
2015,Mecklenburg-Vorpommern,Separately collected organic wastes,103.5,64
2015,Mecklenburg-Vorpommern,Separately collected recyclables,211.7,131
2015,Mecklenburg-Vorpommern,Other wastes,1.1,1
2015,Niedersachsen,Residual household and bulky wastes,1481.6,187
2015,Niedersachsen,Separately collected organic wastes,1261.3,159
2015,Niedersachsen,Separately collected recyclables,1310,165
2015,Niedersachsen,Other wastes,12.6,2
2015,Nordrhein-Westfalen,Residual household and bulky wastes,3776.5,211
2015,Nordrhein-Westfalen,Separately collected organic wastes,2014.3,113
2015,Nordrhein-Westfalen,Separately collected recyclables,2511.6,141
2015,Nordrhein-Westfalen,Other wastes,25.7,1
2015,Rheinland-Pfalz,Residual household and bulky wastes,733.4,181
2015,Rheinland-Pfalz,Separately collected organic wastes,658.8,163
2015,Rheinland-Pfalz,Separately collected recyclables,689.3,170
2015,Rheinland-Pfalz,Other wastes,20.1,5
2015,Saarland,Residual household and bulky wastes,186,187
2015,Saarland,Separately collected organic wastes,142.7,143
2015,Saarland,Separately collected recyclables,156.1,157
2015,Saarland,Other wastes,0.5,0
2015,Sachsen,Residual household and bulky wastes,605,148
2015,Sachsen,Separately collected organic wastes,214.5,53
2015,Sachsen,Separately collected recyclables,502.2,123
2015,Sachsen,Other wastes,3.6,1
2015,Sachsen-Anhalt,Residual household and bulky wastes,452.3,201
2015,Sachsen-Anhalt,Separately collected organic wastes,281.3,125
2015,Sachsen-Anhalt,Separately collected recyclables,301.9,134
2015,Sachsen-Anhalt,Other wastes,2.1,1
2015,Schleswig-Holstein,Residual household and bulky wastes,658.8,230
2015,Schleswig-Holstein,Separately collected organic wastes,317.4,111
2015,Schleswig-Holstein,Separately collected recyclables,430.1,150
2015,Schleswig-Holstein,Other wastes,3.4,1
2015,Thüringen,Residual household and bulky wastes,396.1,182
2015,Thüringen,Separately collected organic wastes,202.7,93
2015,Thüringen,Separately collected recyclables,283.7,131
2015,Thüringen,Other wastes,1.2,1
2016,Baden-Württemberg,Residual household and bulky wastes,1529.2,140
2016,Baden-Württemberg,Separately collected organic wastes,1536.5,140
2016,Baden-Württemberg,Separately collected recyclables,1802.8,165
2016,Baden-Württemberg,Other wastes,8,1
2016,Bayern,Residual household and bulky wastes,2149,166
2016,Bayern,Separately collected organic wastes,1983.5,153
2016,Bayern,Separately collected recyclables,2053.4,159
2016,Bayern,Other wastes,74.1,6
2016,Berlin,Residual household and bulky wastes,885.5,248
2016,Berlin,Separately collected organic wastes,85.3,24
2016,Berlin,Separately collected recyclables,389.2,109
2016,Berlin,Other wastes,1.9,1
2016,Brandenburg,Residual household and bulky wastes,523.6,210
2016,Brandenburg,Separately collected organic wastes,165.8,66
2016,Brandenburg,Separately collected recyclables,339.3,136
2016,Brandenburg,Other wastes,5.4,2
2016,Bremen,Residual household and bulky wastes,153.1,226
2016,Bremen,Separately collected organic wastes,58.3,86
2016,Bremen,Separately collected recyclables,82.7,122
2016,Bremen,Other wastes,0.1,0
2016,Hamburg,Residual household and bulky wastes,495.6,274
2016,Hamburg,Separately collected organic wastes,92.9,51
2016,Hamburg,Separately collected recyclables,209.6,116
2016,Hamburg,Other wastes,2.4,1
2016,Hessen,Residual household and bulky wastes,1114.3,179
2016,Hessen,Separately collected organic wastes,860.2,138
2016,Hessen,Separately collected recyclables,875.9,141
2016,Hessen,Other wastes,3.7,1
2016,Mecklenburg-Vorpommern,Residual household and bulky wastes,364,226
2016,Mecklenburg-Vorpommern,Separately collected organic wastes,120.1,75
2016,Mecklenburg-Vorpommern,Separately collected recyclables,215.4,134
2016,Mecklenburg-Vorpommern,Other wastes,1,1
2016,Niedersachsen,Residual household and bulky wastes,1494.7,188
2016,Niedersachsen,Separately collected organic wastes,1297,163
2016,Niedersachsen,Separately collected recyclables,1332.1,168
2016,Niedersachsen,Other wastes,13.5,2
2016,Nordrhein-Westfalen,Residual household and bulky wastes,3794.4,212
2016,Nordrhein-Westfalen,Separately collected organic wastes,2079.4,116
2016,Nordrhein-Westfalen,Separately collected recyclables,2532,142
2016,Nordrhein-Westfalen,Other wastes,25.9,1
2016,Rheinland-Pfalz,Residual household and bulky wastes,738.4,182
2016,Rheinland-Pfalz,Separately collected organic wastes,699.3,172
2016,Rheinland-Pfalz,Separately collected recyclables,699.3,172
2016,Rheinland-Pfalz,Other wastes,21.2,5
2016,Saarland,Residual household and bulky wastes,187.9,189
2016,Saarland,Separately collected organic wastes,135.2,136
2016,Saarland,Separately collected recyclables,158,158
2016,Saarland,Other wastes,0.4,0
2016,Sachsen,Residual household and bulky wastes,614.1,150
2016,Sachsen,Separately collected organic wastes,228.6,56
2016,Sachsen,Separately collected recyclables,501.7,123
2016,Sachsen,Other wastes,3.7,1
2016,Sachsen-Anhalt,Residual household and bulky wastes,438.1,196
2016,Sachsen-Anhalt,Separately collected organic wastes,274.9,123
2016,Sachsen-Anhalt,Separately collected recyclables,304.5,136
2016,Sachsen-Anhalt,Other wastes,2.5,1
2016,Schleswig-Holstein,Residual household and bulky wastes,660.2,229
2016,Schleswig-Holstein,Separately collected organic wastes,339,118
2016,Schleswig-Holstein,Separately collected recyclables,430.8,149
2016,Schleswig-Holstein,Other wastes,3.2,1
2016,Thüringen,Residual household and bulky wastes,397.5,184
2016,Thüringen,Separately collected organic wastes,227.5,105
2016,Thüringen,Separately collected recyclables,284.9,132
2016,Thüringen,Other wastes,1.3,1
2017,Baden-Württemberg,Residual household and bulky wastes,1522.5,138
2017,Baden-Württemberg,Separately collected organic wastes,1546.1,140
2017,Baden-Württemberg,Separately collected recyclables,1809.9,164
2017,Baden-Württemberg,Other wastes,8.3,1
2017,Bayern,Residual household and bulky wastes,2159.7,166
2017,Bayern,Separately collected organic wastes,1979.7,152
2017,Bayern,Separately collected recyclables,2053.4,158
2017,Bayern,Other wastes,60.2,5
2017,Berlin,Residual household and bulky wastes,894.3,247
2017,Berlin,Separately collected organic wastes,90.7,25
2017,Berlin,Separately collected recyclables,398.4,110
2017,Berlin,Other wastes,2.4,1
2017,Brandenburg,Residual household and bulky wastes,533.4,213
2017,Brandenburg,Separately collected organic wastes,197.4,79
2017,Brandenburg,Separately collected recyclables,347.2,139
2017,Brandenburg,Other wastes,5.7,2
2017,Bremen,Residual household and bulky wastes,153.2,225
2017,Bremen,Separately collected organic wastes,58.6,86
2017,Bremen,Separately collected recyclables,84,123
2017,Bremen,Other wastes,0.2,0
2017,Hamburg,Residual household and bulky wastes,489.1,267
2017,Hamburg,Separately collected organic wastes,97.2,53
2017,Hamburg,Separately collected recyclables,214.7,117
2017,Hamburg,Other wastes,4.7,3
2017,Hessen,Residual household and bulky wastes,1107.6,177
2017,Hessen,Separately collected organic wastes,865.8,139
2017,Hessen,Separately collected recyclables,876.9,140
2017,Hessen,Other wastes,3.8,1
2017,Mecklenburg-Vorpommern,Residual household and bulky wastes,363.2,225
2017,Mecklenburg-Vorpommern,Separately collected organic wastes,131,81
2017,Mecklenburg-Vorpommern,Separately collected recyclables,214.9,133
2017,Mecklenburg-Vorpommern,Other wastes,1,1
2017,Niedersachsen,Residual household and bulky wastes,1508,189
2017,Niedersachsen,Separately collected organic wastes,1324.9,166
2017,Niedersachsen,Separately collected recyclables,1333.6,167
2017,Niedersachsen,Other wastes,16.8,2
2017,Nordrhein-Westfalen,Residual household and bulky wastes,3795,212
2017,Nordrhein-Westfalen,Separately collected organic wastes,2061.6,115
2017,Nordrhein-Westfalen,Separately collected recyclables,2509.2,140
2017,Nordrhein-Westfalen,Other wastes,26.6,1
2017,Rheinland-Pfalz,Residual household and bulky wastes,737.5,181
2017,Rheinland-Pfalz,Separately collected organic wastes,704.8,173
2017,Rheinland-Pfalz,Separately collected recyclables,684.5,168
2017,Rheinland-Pfalz,Other wastes,21.1,5
2017,Saarland,Residual household and bulky wastes,185.8,187
2017,Saarland,Separately collected organic wastes,141.4,142
2017,Saarland,Separately collected recyclables,157.4,158
2017,Saarland,Other wastes,0.4,0
2017,Sachsen,Residual household and bulky wastes,617.5,151
2017,Sachsen,Separately collected organic wastes,254,62
2017,Sachsen,Separately collected recyclables,508.4,125
2017,Sachsen,Other wastes,3.7,1
2017,Sachsen-Anhalt,Residual household and bulky wastes,436.9,197
2017,Sachsen-Anhalt,Separately collected organic wastes,276.7,124
2017,Sachsen-Anhalt,Separately collected recyclables,310.7,140
2017,Sachsen-Anhalt,Other wastes,2.5,1
2017,Schleswig-Holstein,Residual household and bulky wastes,658.4,228
2017,Schleswig-Holstein,Separately collected organic wastes,349.2,121
2017,Schleswig-Holstein,Separately collected recyclables,444,154
2017,Schleswig-Holstein,Other wastes,2.8,1
2017,Thüringen,Residual household and bulky wastes,396.3,184
2017,Thüringen,Separately collected organic wastes,239,111
2017,Thüringen,Separately collected recyclables,288.5,134
2017,Thüringen,Other wastes,1.4,1
2018,Baden-Württemberg,Residual household and bulky wastes,1543.5,139
2018,Baden-Württemberg,Separately collected organic wastes,1509.3,136
2018,Baden-Württemberg,Separately collected recyclables,1808,163
2018,Baden-Württemberg,Other wastes,8.4,1
2018,Bayern,Residual household and bulky wastes,2182.3,167
2018,Bayern,Separately collected organic wastes,1925.8,147
2018,Bayern,Separately collected recyclables,2062.5,158
2018,Bayern,Other wastes,59.3,5
2018,Berlin,Residual household and bulky wastes,879.7,241
2018,Berlin,Separately collected organic wastes,91.5,25
2018,Berlin,Separately collected recyclables,385.9,106
2018,Berlin,Other wastes,1.3,0
2018,Brandenburg,Residual household and bulky wastes,530.5,211
2018,Brandenburg,Separately collected organic wastes,172.6,69
2018,Brandenburg,Separately collected recyclables,347.4,138
2018,Brandenburg,Other wastes,6.2,2
2018,Bremen,Residual household and bulky wastes,153.1,224
2018,Bremen,Separately collected organic wastes,53.2,78
2018,Bremen,Separately collected recyclables,81.9,120
2018,Bremen,Other wastes,0.2,0
2018,Hamburg,Residual household and bulky wastes,482.7,262
2018,Hamburg,Separately collected organic wastes,85.6,47
2018,Hamburg,Separately collected recyclables,214.6,117
2018,Hamburg,Other wastes,4.8,3
2018,Hessen,Residual household and bulky wastes,1107.6,177
2018,Hessen,Separately collected organic wastes,801.2,128
2018,Hessen,Separately collected recyclables,863,138
2018,Hessen,Other wastes,11.6,2
2018,Mecklenburg-Vorpommern,Residual household and bulky wastes,367.9,229
2018,Mecklenburg-Vorpommern,Separately collected organic wastes,124.8,78
2018,Mecklenburg-Vorpommern,Separately collected recyclables,210.7,131
2018,Mecklenburg-Vorpommern,Other wastes,1,1
2018,Niedersachsen,Residual household and bulky wastes,1484.6,186
2018,Niedersachsen,Separately collected organic wastes,1271.9,159
2018,Niedersachsen,Separately collected recyclables,1311.6,164
2018,Niedersachsen,Other wastes,18.7,2
2018,Nordrhein-Westfalen,Residual household and bulky wastes,3824.7,213
2018,Nordrhein-Westfalen,Separately collected organic wastes,2007.3,112
2018,Nordrhein-Westfalen,Separately collected recyclables,2433.4,136
2018,Nordrhein-Westfalen,Other wastes,24.8,1
2018,Rheinland-Pfalz,Residual household and bulky wastes,723,177
2018,Rheinland-Pfalz,Separately collected organic wastes,705.4,173
2018,Rheinland-Pfalz,Separately collected recyclables,687.9,168
2018,Rheinland-Pfalz,Other wastes,20.9,5
2018,Saarland,Residual household and bulky wastes,190.1,192
2018,Saarland,Separately collected organic wastes,126.1,127
2018,Saarland,Separately collected recyclables,156.8,158
2018,Saarland,Other wastes,0.4,0
2018,Sachsen,Residual household and bulky wastes,611.1,150
2018,Sachsen,Separately collected organic wastes,242.3,59
2018,Sachsen,Separately collected recyclables,505,124
2018,Sachsen,Other wastes,3.5,1
2018,Sachsen-Anhalt,Residual household and bulky wastes,423.3,192
2018,Sachsen-Anhalt,Separately collected organic wastes,251.3,114
2018,Sachsen-Anhalt,Separately collected recyclables,307.4,139
2018,Sachsen-Anhalt,Other wastes,12.3,6
2018,Schleswig-Holstein,Residual household and bulky wastes,654,226
2018,Schleswig-Holstein,Separately collected organic wastes,329,114
2018,Schleswig-Holstein,Separately collected recyclables,435.2,150
2018,Schleswig-Holstein,Other wastes,3.1,1
2018,Thüringen,Residual household and bulky wastes,393.1,183
2018,Thüringen,Separately collected organic wastes,233.6,109
2018,Thüringen,Separately collected recyclables,287.8,134
2018,Thüringen,Other wastes,1.5,1
2019,Baden-Württemberg,Residual household and bulky wastes,1548.2,139
2019,Baden-Württemberg,Separately collected organic wastes,1557.7,140
2019,Baden-Württemberg,Separately collected recyclables,1815.5,164
2019,Baden-Württemberg,Other wastes,8.8,1
2019,Bayern,Residual household and bulky wastes,2182.7,166
2019,Bayern,Separately collected organic wastes,1946.7,148
2019,Bayern,Separately collected recyclables,2100.2,160
2019,Bayern,Other wastes,63.5,5
2019,Berlin,Residual household and bulky wastes,867,236
2019,Berlin,Separately collected organic wastes,116.7,32
2019,Berlin,Separately collected recyclables,394.4,107
2019,Berlin,Other wastes,2.1,1
2019,Brandenburg,Residual household and bulky wastes,534.4,212
2019,Brandenburg,Separately collected organic wastes,200.9,80
2019,Brandenburg,Separately collected recyclables,351.1,139
2019,Brandenburg,Other wastes,8.3,3
2019,Bremen,Residual household and bulky wastes,156.3,230
2019,Bremen,Separately collected organic wastes,56.1,82
2019,Bremen,Separately collected recyclables,79.9,117
2019,Bremen,Other wastes,0.2,0
2019,Hamburg,Residual household and bulky wastes,472,255
2019,Hamburg,Separately collected organic wastes,91.6,50
2019,Hamburg,Separately collected recyclables,215.3,117
2019,Hamburg,Other wastes,5,3
2019,Hessen,Residual household and bulky wastes,1103.3,175
2019,Hessen,Separately collected organic wastes,842.9,134
2019,Hessen,Separately collected recyclables,856.8,136
2019,Hessen,Other wastes,13.6,2
2019,Mecklenburg-Vorpommern,Residual household and bulky wastes,367.3,228
2019,Mecklenburg-Vorpommern,Separately collected organic wastes,143.3,89
2019,Mecklenburg-Vorpommern,Separately collected recyclables,211.5,132
2019,Mecklenburg-Vorpommern,Other wastes,1.1,1
2019,Niedersachsen,Residual household and bulky wastes,1494,187
2019,Niedersachsen,Separately collected organic wastes,1258.6,157
2019,Niedersachsen,Separately collected recyclables,1316,165
2019,Niedersachsen,Other wastes,17.4,2
2019,Nordrhein-Westfalen,Residual household and bulky wastes,3822.2,213
2019,Nordrhein-Westfalen,Separately collected organic wastes,2016.7,112
2019,Nordrhein-Westfalen,Separately collected recyclables,2419.3,135
2019,Nordrhein-Westfalen,Other wastes,24.3,1
2019,Rheinland-Pfalz,Residual household and bulky wastes,722,176
2019,Rheinland-Pfalz,Separately collected organic wastes,712.2,174
2019,Rheinland-Pfalz,Separately collected recyclables,689,168
2019,Rheinland-Pfalz,Other wastes,24.4,6
2019,Saarland,Residual household and bulky wastes,188.6,191
2019,Saarland,Separately collected organic wastes,125,127
2019,Saarland,Separately collected recyclables,155.8,158
2019,Saarland,Other wastes,0.4,0
2019,Sachsen,Residual household and bulky wastes,612.4,150
2019,Sachsen,Separately collected organic wastes,257.7,63
2019,Sachsen,Separately collected recyclables,506.1,124
2019,Sachsen,Other wastes,3.6,1
2019,Sachsen-Anhalt,Residual household and bulky wastes,428,195
2019,Sachsen-Anhalt,Separately collected organic wastes,259,118
2019,Sachsen-Anhalt,Separately collected recyclables,307.5,140
2019,Sachsen-Anhalt,Other wastes,8.1,4
2019,Schleswig-Holstein,Residual household and bulky wastes,660.3,227
2019,Schleswig-Holstein,Separately collected organic wastes,349.6,120
2019,Schleswig-Holstein,Separately collected recyclables,428.9,148
2019,Schleswig-Holstein,Other wastes,3.7,1
2019,Thüringen,Residual household and bulky wastes,392.3,184
2019,Thüringen,Separately collected organic wastes,233.6,110
2019,Thüringen,Separately collected recyclables,288,135
2019,Thüringen,Other wastes,1.6,1
2020,Baden-Württemberg,Residual household and bulky wastes,1616.8,146
2020,Baden-Württemberg,Separately collected organic wastes,1595.7,144
2020,Baden-Württemberg,Separately collected recyclables,1864.9,168
2020,Baden-Württemberg,Other wastes,9.6,1
2020,Bayern,Residual household and bulky wastes,2266.4,172
2020,Bayern,Separately collected organic wastes,2026.7,154
2020,Bayern,Separately collected recyclables,2151.9,164
2020,Bayern,Other wastes,68.5,5
2020,Berlin,Residual household and bulky wastes,885.4,242
2020,Berlin,Separately collected organic wastes,132.8,36
2020,Berlin,Separately collected recyclables,388.8,106
2020,Berlin,Other wastes,1.2,0
2020,Brandenburg,Residual household and bulky wastes,558,220
2020,Brandenburg,Separately collected organic wastes,223.1,88
2020,Brandenburg,Separately collected recyclables,362.9,143
2020,Brandenburg,Other wastes,8.8,3
2020,Bremen,Residual household and bulky wastes,160.3,236
2020,Bremen,Separately collected organic wastes,56.8,84
2020,Bremen,Separately collected recyclables,81.7,120
2020,Bremen,Other wastes,0.3,0
2020,Hamburg,Residual household and bulky wastes,481.8,260
2020,Hamburg,Separately collected organic wastes,102.4,55
2020,Hamburg,Separately collected recyclables,224.9,121
2020,Hamburg,Other wastes,5.9,3
2020,Hessen,Residual household and bulky wastes,1122,178
2020,Hessen,Separately collected organic wastes,835.2,133
2020,Hessen,Separately collected recyclables,864.3,137
2020,Hessen,Other wastes,15.2,2
2020,Mecklenburg-Vorpommern,Residual household and bulky wastes,379.6,236
2020,Mecklenburg-Vorpommern,Separately collected organic wastes,151.7,94
2020,Mecklenburg-Vorpommern,Separately collected recyclables,223.2,139
2020,Mecklenburg-Vorpommern,Other wastes,1,1
2020,Niedersachsen,Residual household and bulky wastes,1561.4,195
2020,Niedersachsen,Separately collected organic wastes,1330,166
2020,Niedersachsen,Separately collected recyclables,1346,168
2020,Niedersachsen,Other wastes,21.8,3
2020,Nordrhein-Westfalen,Residual household and bulky wastes,4007.9,224
2020,Nordrhein-Westfalen,Separately collected organic wastes,2084.3,116
2020,Nordrhein-Westfalen,Separately collected recyclables,2489.2,139
2020,Nordrhein-Westfalen,Other wastes,29.2,2
2020,Rheinland-Pfalz,Residual household and bulky wastes,735.3,179
2020,Rheinland-Pfalz,Separately collected organic wastes,777.5,190
2020,Rheinland-Pfalz,Separately collected recyclables,692,169
2020,Rheinland-Pfalz,Other wastes,25.5,6
2020,Saarland,Residual household and bulky wastes,194,197
2020,Saarland,Separately collected organic wastes,124,126
2020,Saarland,Separately collected recyclables,156.7,159
2020,Saarland,Other wastes,0.6,1
2020,Sachsen,Residual household and bulky wastes,640.1,158
2020,Sachsen,Separately collected organic wastes,323.7,80
2020,Sachsen,Separately collected recyclables,734,181
2020,Sachsen,Other wastes,4.3,1
2020,Sachsen-Anhalt,Residual household and bulky wastes,442.9,203
2020,Sachsen-Anhalt,Separately collected organic wastes,266.7,122
2020,Sachsen-Anhalt,Separately collected recyclables,316.1,145
2020,Sachsen-Anhalt,Other wastes,7.1,3
2020,Schleswig-Holstein,Residual household and bulky wastes,679.2,233
2020,Schleswig-Holstein,Separately collected organic wastes,357.4,123
2020,Schleswig-Holstein,Separately collected recyclables,439.5,151
2020,Schleswig-Holstein,Other wastes,3.4,1
2020,Thüringen,Residual household and bulky wastes,404.7,191
2020,Thüringen,Separately collected organic wastes,246.1,116
2020,Thüringen,Separately collected recyclables,297.5,140
2020,Thüringen,Other wastes,1.6,1
2021,Baden-Württemberg,Residual household and bulky wastes,1601.4,144
2021,Baden-Württemberg,Separately collected organic wastes,1679.1,151
2021,Baden-Württemberg,Separately collected recyclables,1799.1,162
2021,Baden-Württemberg,Other wastes,9.7,1
2021,Bayern,Residual household and bulky wastes,2264.6,172
2021,Bayern,Separately collected organic wastes,2109,160
2021,Bayern,Separately collected recyclables,2118.9,161
2021,Bayern,Other wastes,68.1,5
2021,Berlin,Residual household and bulky wastes,878.8,239
2021,Berlin,Separately collected organic wastes,139.4,38
2021,Berlin,Separately collected recyclables,387.5,105
2021,Berlin,Other wastes,1.2,0
2021,Brandenburg,Residual household and bulky wastes,555.7,219
2021,Brandenburg,Separately collected organic wastes,242.8,96
2021,Brandenburg,Separately collected recyclables,364.8,144
2021,Brandenburg,Other wastes,10,4
2021,Bremen,Residual household and bulky wastes,158.7,235
2021,Bremen,Separately collected organic wastes,59.4,88
2021,Bremen,Separately collected recyclables,80.8,119
2021,Bremen,Other wastes,0.2,0
2021,Hamburg,Residual household and bulky wastes,473.5,255
2021,Hamburg,Separately collected organic wastes,103.6,56
2021,Hamburg,Separately collected recyclables,215.2,116
2021,Hamburg,Other wastes,5.1,3
2021,Hessen,Residual household and bulky wastes,1094.7,174
2021,Hessen,Separately collected organic wastes,909.3,144
2021,Hessen,Separately collected recyclables,853.8,136
2021,Hessen,Other wastes,15.1,2
2021,Mecklenburg-Vorpommern,Residual household and bulky wastes,370.5,230
2021,Mecklenburg-Vorpommern,Separately collected organic wastes,155.7,97
2021,Mecklenburg-Vorpommern,Separately collected recyclables,221.4,137
2021,Mecklenburg-Vorpommern,Other wastes,1.1,1
2021,Niedersachsen,Residual household and bulky wastes,1526.1,190
2021,Niedersachsen,Separately collected organic wastes,1391.2,173
2021,Niedersachsen,Separately collected recyclables,1337.2,167
2021,Niedersachsen,Other wastes,21.6,3
2021,Nordrhein-Westfalen,Residual household and bulky wastes,4138.6,231
2021,Nordrhein-Westfalen,Separately collected organic wastes,2194.2,122
2021,Nordrhein-Westfalen,Separately collected recyclables,2448.4,137
2021,Nordrhein-Westfalen,Other wastes,31.5,2
2021,Rheinland-Pfalz,Residual household and bulky wastes,925.9,225
2021,Rheinland-Pfalz,Separately collected organic wastes,786.6,192
2021,Rheinland-Pfalz,Separately collected recyclables,682.3,166
2021,Rheinland-Pfalz,Other wastes,99,24
2021,Saarland,Residual household and bulky wastes,189.2,193
2021,Saarland,Separately collected organic wastes,134.7,137
2021,Saarland,Separately collected recyclables,158.4,161
2021,Saarland,Other wastes,0.8,1
2021,Sachsen,Residual household and bulky wastes,645,160
2021,Sachsen,Separately collected organic wastes,349.1,86
2021,Sachsen,Separately collected recyclables,751.6,186
2021,Sachsen,Other wastes,4.2,1
2021,Sachsen-Anhalt,Residual household and bulky wastes,438.8,202
2021,Sachsen-Anhalt,Separately collected organic wastes,275.1,127
2021,Sachsen-Anhalt,Separately collected recyclables,319.4,147
2021,Sachsen-Anhalt,Other wastes,2.2,1
2021,Schleswig-Holstein,Residual household and bulky wastes,681.1,233
2021,Schleswig-Holstein,Separately collected organic wastes,370,127
2021,Schleswig-Holstein,Separately collected recyclables,433.6,148
2021,Schleswig-Holstein,Other wastes,3.6,1
2021,Thüringen,Residual household and bulky wastes,400.8,190
2021,Thüringen,Separately collected organic wastes,271.2,129
2021,Thüringen,Separately collected recyclables,295,140
2021,Thüringen,Other wastes,1.4,1
