Year,federal states,types of waste,Amount of household waste (1000 t),Amount of household waste per inhabitant (kg),,
2004,Baden-Württemberg,household and bulky waste,1605.6,150,,
2004,Baden-Württemberg,Separately collected organic waste,1220.5,114,,
2004,Baden-Württemberg,Recyclable materials collected separately,1645.3,154,,
2004,Baden-Württemberg,old electrical appliances,0,0,,
2004,Baden-Württemberg,Other waste,9.4,1,,
2004,Bavaria,household and bulky waste,2039.5,164,,
2004,Bavaria,Separately collected organic waste,1677.3,135,,
2004,Bavaria,Recyclable materials collected separately,1854.1,149,,
2004,Bavaria,old electrical appliances,0,0,,
2004,Bavaria,Other waste,59.1,5,,
2004,Berlin,household and bulky waste,975,288,,
2004,Berlin,Separately collected organic waste,99.2,29,,
2004,Berlin,Recyclable materials collected separately,390.2,115,,
2004,Berlin,old electrical appliances,0,0,,
2004,Berlin,Other waste,1.5,0,,
2004,Brandenburg,household and bulky waste,558.2,217,,
2004,Brandenburg,Separately collected organic waste,72.1,28,,
2004,Brandenburg,Recyclable materials collected separately,345.4,135,,
2004,Brandenburg,Waste electrical appliances,0,0,,
2004,Brandenburg,Other waste,6.6,3,,
2004,Bremen,household and bulky waste,167,252,,
2004,Bremen,Separately collected organic waste,57,86,,
2004,Bremen,Separately collected recyclables,95,143,,
2004,Bremen,old electrical appliances,0,0,,
2004,Bremen,Other waste,0.2,0,,
2004,Hamburg,Household and bulky waste,639.7,369,,
2004,Hamburg,Separately collected organic waste,37.3,21,,
2004,Hamburg,Recyclable materials collected separately,170.2,98,,
2004,Hamburg,old electrical appliances,0,0,,
2004,Hamburg,Other waste,1.9,1,,
2004,Hesse,household and bulky waste,1278.7,210,,
2004,Hessen,Separately collected organic waste,727.8,119,,
2004,Hessen,Recyclable materials collected separately,810.1,133,,
2004,Hesse,old electrical appliances,0,0,,
2004,Hesse,Other waste,3.3,1,,
2004,Mecklenburg-West Pomerania,household and bulky waste,407.1,237,,
2004,Mecklenburg-West Pomerania,Separately collected organic waste,69.7,41,,
2004,Mecklenburg-Western Pomerania,Recyclable materials collected separately,253.6,147,,
2004,Mecklenburg-West Pomerania,old electrical appliances,0,0,,
2004,Mecklenburg-West Pomerania,Other waste,1.4,1,,
2004,Lower Saxony,household and bulky waste,1658.1,207,,
2004,Lower Saxony,Separately collected organic waste,1105.2,138,,
2004,Lower Saxony,Recyclable materials collected separately,1160.5,145,,
2004,Lower Saxony,old electrical appliances,0,0,,
2004,Lower Saxony,Other waste,10.1,1,,
2004,North Rhine-Westphalia,household and bulky waste,4136.7,229,,
2004,North Rhine-Westphalia,Separately collected organic waste,1841.3,102,,
2004,North Rhine-Westphalia,Recyclable materials collected separately,2399.7,133,,
2004,North Rhine-Westphalia,old electrical appliances,0,0,,
2004,North Rhine-Westphalia,Other waste,98.1,5,,
2004,Rhineland-Palatinate,household and bulky waste,804.1,198,,
2004,Rhineland-Palatinate,Separately collected organic waste,532.5,131,,
2004,Rhineland-Palatinate,Recyclable materials collected separately,643.2,158,,
2004,Rhineland-Palatinate,old electrical appliances,0,0,,
2004,Rhineland-Palatinate,Other waste,21.5,5,,
2004,Saarland,household and bulky waste,268.8,254,,
2004,Saarland,Separately collected organic waste,160.3,152,,
2004,Saarland,Recyclable materials collected separately,126.4,120,,
2004,Saarland,old electrical appliances,0,0,,
2004,Saarland,Other waste,0.5,0,,
2004,Saxony,household and bulky waste,696,162,,
2004,Saxony,Separately collected organic waste,203.3,47,,
2004,Saxony,Recyclable materials collected separately,588.7,137,,
2004,Saxony,old electrical appliances,0,0,,
2004,Saxony,Other waste,2.6,1,,
2004,Saxony-Anhalt,household and bulky waste,625.3,251,,
2004,Saxony-Anhalt,Separately collected organic waste,183.3,73,,
2004,Saxony-Anhalt,separately collected recyclables,338.4,136,,
2004,Saxony-Anhalt,Waste electrical appliances,0,0,,
2004,Saxony-Anhalt,Other waste,20.8,8,,
2004,Schleswig-Holstein,household and bulky waste,688.5,243,,
2004,Schleswig-Holstein,Separately collected organic waste,280.5,99,,
2004,Schleswig-Holstein,separately collected recyclables,413.7,146,,
2004,Schleswig-Holstein,old electrical appliances,0,0,,
2004,Schleswig-Holstein,Other waste,1.9,1,,
2004,Thuringia,household and bulky waste,497.5,211,,
2004,Thuringia,Separately collected organic waste,143.8,61,,
2004,Thuringia,Separately collected recyclable materials,336.3,143,,
2004,Thuringia,old electrical appliances,0,0,,
2004,Thuringia,Other waste,14.7,6,,
2004,Total,Household and bulky waste,17045.8,207,,
2004,Total,Organic waste collected separately,8411.4,102,,
2004,Total,Recyclable materials collected separately,11570.6,140,,
2004,Total,Waste electrical equipment,302.6,4,,
2004,Total,Other waste,253.5,3,,
2005,Baden-Württemberg,household and bulky waste,1568.3,146,,
2005,Baden-Württemberg,Separately collected organic waste,1239.3,115,,
2005,Baden-Württemberg,Recyclable materials collected separately,1702.7,159,,
2005,Baden-Württemberg,old electrical appliances,0,0,,
2005,Baden-Württemberg,Other waste,8.8,1,,
2005,Bavaria,household and bulky waste,2037.5,163,,
2005,Bavaria,Organic waste collected separately,1597.1,128,,
2005,Bavaria,Recyclable materials collected separately,1926.1,154,,
2005,Bavaria,old electrical appliances,0,0,,
2005,Bavaria,Other waste,54.1,4,,
2005,Berlin,household and bulky waste,978.9,288,,
2005,Berlin,Separately collected organic waste,113.8,34,,
2005,Berlin,Recyclable materials collected separately,406.7,120,,
2005,Berlin,old electrical appliances,0,0,,
2005,Berlin,Other waste,1.5,0,,
2005,Brandenburg,Household and bulky waste,562.5,220,,
2005,Brandenburg,Separately collected organic waste,72.5,28,,
2005,Brandenburg,Recyclable materials collected separately,352.7,138,,
2005,Brandenburg,Waste electrical equipment,0,0,,
2005,Brandenburg,Other waste,4.1,2,,
2005,Bremen,household and bulky waste,164.1,247,,
2005,Bremen,Separately collected organic waste,58,88,,
2005,Bremen,Separately collected recyclable materials,88.1,133,,
2005,Bremen,old electrical appliances,0,0,,
2005,Bremen,Other waste,0.3,0,,
2005,Hamburg,household and bulky waste,629.8,361,,
2005,Hamburg,Separately collected organic waste,36.2,21,,
2005,Hamburg,Recyclable materials collected separately,163.8,94,,
2005,Hamburg,old electrical appliances,0,0,,
2005,Hamburg,Other waste,1.9,1,,
2005,Hessen,domestic and bulky waste,1266.4,208,,
2005,Hessen,Separately collected organic waste,705.4,116,,
2005,Hessen,Recyclable materials collected separately,808.6,133,,
2005,Hesse,old electrical appliances,0,0,,
2005,Hesse,Other waste,3.3,1,,
2005,Mecklenburg-West Pomerania,household and bulky waste,400.6,235,,
2005,Mecklenburg-West Pomerania,Separately collected organic waste,70.9,42,,
2005,Mecklenburg-Western Pomerania,Recyclable materials collected separately,245.6,144,,
2005,Mecklenburg-West Pomerania,old electrical appliances,0,0,,
2005,Mecklenburg-West Pomerania,Other waste,0.9,1,,
2005,Lower Saxony,household and bulky waste,1590.7,199,,
2005,Lower Saxony,Separately collected organic waste,1121.6,140,,
2005,Lower Saxony,separately collected recyclable materials,1202.1,150,,
2005,Lower Saxony,old electrical appliances,0,0,,
2005,Lower Saxony,Other waste,4.5,1,,
2005,North Rhine-Westphalia,household and bulky waste,4108.4,228,,
2005,North Rhine-Westphalia,Separately collected organic waste,1844.1,102,,
2005,North Rhine-Westphalia,Recyclable materials collected separately,2350.1,130,,
2005,North Rhine-Westphalia,old electrical appliances,0,0,,
2005,North Rhine-Westphalia,Other waste,38.3,2,,
2005,Rhineland-Palatinate,household and bulky waste,808.9,199,,
2005,Rhineland-Palatinate,Separately collected organic waste,523.2,129,,
2005,Rhineland-Palatinate,Recyclable materials collected separately,654.8,161,,
2005,Rhineland-Palatinate,old electrical appliances,0,0,,
2005,Rhineland-Palatinate,Other waste,17.9,4,,
2005,Saarland,household and bulky waste,268.2,255,,
2005,Saarland,Separately collected organic waste,141.2,134,,
2005,Saarland,Recyclable materials collected separately,127.1,121,,
2005,Saarland,old electrical appliances,0,0,,
2005,Saarland,Other waste,0.6,1,,
2005,Saxony,household and bulky waste,682,160,,
2005,Saxony,Separately collected organic waste,217,51,,
2005,Saxony,Recyclable materials collected separately,561.4,131,,
2005,Saxony,old electrical appliances,0,0,,
2005,Saxony,Other waste,3.5,1,,
2005,Saxony-Anhalt,household and bulky waste,582.7,236,,
2005,Saxony-Anhalt,Separately collected organic waste,183.1,74,,
2005,Saxony-Anhalt,separately collected recyclables,333.3,135,,
2005,Saxony-Anhalt,old electrical appliances,0,0,,
2005,Saxony-Anhalt,Other waste,10.3,4,,
2005,Schleswig-Holstein,household and bulky waste,656.5,232,,
2005,Schleswig-Holstein,Separately collected organic waste,269.5,95,,
2005,Schleswig-Holstein,separately collected recyclables,408.2,144,,
2005,Schleswig-Holstein,old electrical appliances,0,0,,
2005,Schleswig-Holstein,Other waste,1.8,1,,
2005,Thuringia,Household and bulky waste,471.7,202,,
2005,Thuringia,Separately collected organic waste,144.3,62,,
2005,Thuringia,Separately collected recyclable materials,334.4,143,,
2005,Thuringia,old electrical appliances,0,0,,
2005,Thuringia,Other waste,10.5,4,,
2005,Total,Household and bulky waste,16777.4,204,,
2005,Total,Separately collected organic waste,8337.1,101,,
2005,Total,Recyclable materials collected separately,11665.7,142,,
2005,Total,Waste electrical equipment,306.8,4,,
2005,Total,Other waste,162.3,2,,
2006,Baden-Württemberg,household and bulky waste,1584,148,,
2006,Baden-Württemberg,Separately collected organic waste,1232.4,115,,
2006,Baden-Württemberg,Recyclable materials collected separately,1751.5,163,,
2006,Baden-Württemberg,old electrical appliances,0,0,,
2006,Baden-Württemberg,Other waste,8.6,1,,
2006,Bavaria,household and bulky waste,2066,165,,
2006,Bavaria,Separately collected organic waste,1630.2,130,,
2006,Bavaria,Recyclable materials collected separately,1976.8,158,,
2006,Bavaria,old electrical appliances,0,0,,
2006,Bavaria,Other waste,58.1,5,,
2006,Berlin,household and bulky waste,944.1,277,,
2006,Berlin,Separately collected organic waste,119,35,,
2006,Berlin,Recyclable materials collected separately,414.2,122,,
2006,Berlin,old electrical appliances,0,0,,
2006,Berlin,Other waste,2.2,1,,
2006,Brandenburg,household and bulky waste,569.2,223,,
2006,Brandenburg,Organic waste collected separately,56.9,22,,
2006,Brandenburg,Recyclable materials collected separately,356.6,140,,
2006,Brandenburg,old electrical appliances,0,0,,
2006,Brandenburg,Other waste,2.2,1,,
2006,Bremen,household and bulky waste,165.9,250,,
2006,Bremen,Separately collected organic waste,57,86,,
2006,Bremen,Separately collected recyclables,86.4,130,,
2006,Bremen,old electrical appliances,0,0,,
2006,Bremen,Other waste,0.2,0,,
2006,Hamburg,household and bulky waste,612.7,349,,
2006,Hamburg,Separately collected organic waste,35.7,20,,
2006,Hamburg,Recyclable materials collected separately,167.6,96,,
2006,Hamburg,old electrical appliances,0,0,,
2006,Hamburg,Other waste,2.1,1,,
2006,Hessen,domestic and bulky waste,1288.3,212,,
2006,Hessen,Separately collected organic waste,722.3,119,,
2006,Hessen,Recyclable materials collected separately,863.1,142,,
2006,Hesse,old electrical appliances,0,0,,
2006,Hessen,Other waste,3.1,1,,
2006,Mecklenburg-West Pomerania,household and bulky waste,392,231,,
2006,Mecklenburg-West Pomerania,Separately collected organic waste,74.1,44,,
2006,Mecklenburg-Western Pomerania,Recyclable materials collected separately,248.2,147,,
2006,Mecklenburg-West Pomerania,old electrical appliances,0,0,,
2006,Mecklenburg-Western Pomerania,Other waste,0.8,1,,
2006,Lower Saxony,household and bulky waste,1588.8,199,,
2006,Lower Saxony,Separately collected organic waste,1146,144,,
2006,Lower Saxony,separately collected recyclables,1235.2,155,,
2006,Lower Saxony,old electrical appliances,0,0,,
2006,Lower Saxony,Other waste,7.4,1,,
2006,North Rhine-Westphalia,household and bulky waste,4091.4,227,,
2006,North Rhine-Westphalia,Separately collected organic waste,1864.2,103,,
2006,North Rhine-Westphalia,Recyclable materials collected separately,2496.9,138,,
2006,North Rhine-Westphalia,Waste electrical equipment,0,0,,
2006,North Rhine-Westphalia,Other waste,25.7,1,,
2006,Rhineland-Palatinate,household and bulky waste,800.5,198,,
2006,Rhineland-Palatinate,Separately collected organic waste,535.7,132,,
2006,Rhineland-Palatinate,Recyclable materials collected separately,677.1,167,,
2006,Rhineland-Palatinate,old electrical appliances,0,0,,
2006,Rhineland-Palatinate,Other waste,17.7,4,,
2006,Saarland,household and bulky waste,258.1,247,,
2006,Saarland,Organic waste collected separately,134.6,129,,
2006,Saarland,Recyclable materials collected separately,132.9,127,,
2006,Saarland,old electrical appliances,0,0,,
2006,Saarland,Other waste,0.5,1,,
2006,Saxony,household and bulky waste,662.4,156,,
2006,Saxony,Separately collected organic waste,208.2,49,,
2006,Saxony,Recyclable materials collected separately,557.1,131,,
2006,Saxony,old electrical appliances,0,0,,
2006,Saxony,Other waste,16.3,4,,
2006,Saxony-Anhalt,household and bulky waste,535.7,219,,
2006,Saxony-Anhalt,Separately collected organic waste,207.7,85,,
2006,Saxony-Anhalt,separately collected recyclables,324.6,133,,
2006,Saxony-Anhalt,old electrical appliances,0,0,,
2006,Saxony-Anhalt,Other waste,7.1,3,,
2006,Schleswig-Holstein,household and bulky waste,654.5,231,,
2006,Schleswig-Holstein,Separately collected organic waste,279.7,99,,
2006,Schleswig-Holstein,separately collected recyclables,427.5,151,,
2006,Schleswig-Holstein,old electrical appliances,0,0,,
2006,Schleswig-Holstein,Other waste,2.4,1,,
2006,Thuringia,household and bulky waste,473.2,205,,
2006,Thuringia,Separately collected organic waste,146,63,,
2006,Thuringia,Separately collected recyclable materials,321.4,139,,
2006,Thuringia,old electrical appliances,0,0,,
2006,Thuringia,Other waste,8.7,4,,
2006,Total,Household and bulky waste,16686.9,203,,
2006,Total,Separately collected organic waste,8449.8,103,,
2006,Total,Recyclable materials collected separately,12037.1,146,,
2006,Total,Waste electrical equipment,0,0,,
2006,Total,Other waste,162.9,2,,
2007,Baden-Württemberg,household and bulky waste,1540.5,143,,
2007,Baden-Württemberg,Separately collected organic waste,1285.7,120,,
2007,Baden-Württemberg,Recyclable materials collected separately,1768,164,,
2007,Baden-Württemberg,Waste electrical equipment,0,0,,
2007,Baden-Württemberg,Other waste,6.9,1,,
2007,Bavaria,household and bulky waste,2043.8,163,,
2007,Bavaria,Separately collected organic waste,1651.6,132,,
2007,Bavaria,Recyclable materials collected separately,1982,158,,
2007,Bavaria,old electrical appliances,0,0,,
2007,Bavaria,Other waste,65.3,5,,
2007,Berlin,household and bulky waste,927.6,272,,
2007,Berlin,Separately collected organic waste,121.3,36,,
2007,Berlin,Recyclable materials collected separately,420.9,123,,
2007,Berlin,old electrical appliances,0,0,,
2007,Berlin,Other waste,2.3,1,,
2007,Brandenburg,household and bulky waste,557.9,220,,
2007,Brandenburg,Separately collected organic waste,85.3,34,,
2007,Brandenburg,Recyclable materials collected separately,355.7,140,,
2007,Brandenburg,old electrical appliances,0,0,,
2007,Brandenburg,Other waste,2.2,1,,
2007,Bremen,household and bulky waste,163.7,247,,
2007,Bremen,Separately collected organic waste,59.4,90,,
2007,Bremen,Separately collected recyclables,86.4,130,,
2007,Bremen,old electrical appliances,0,0,,
2007,Bremen,Other waste,0.2,0,,
2007,Hamburg,household and bulky waste,618.4,349,,
2007,Hamburg,Organic waste collected separately,37.8,21,,
2007,Hamburg,Recyclables collected separately,177.4,100,,
2007,Hamburg,old electrical appliances,0,0,,
2007,Hamburg,Other waste,2.1,1,,
2007,Hessen,domestic and bulky waste,1260.2,208,,
2007,Hessen,Separately collected organic waste,742.6,122,,
2007,Hessen,Recyclable materials collected separately,836.1,138,,
2007,Hesse,old electrical appliances,0,0,,
2007,Hessen,Other waste,3.4,1,,
2007,Mecklenburg-West Pomerania,household and bulky waste,391.7,233,,
2007,Mecklenburg-West Pomerania,Separately collected organic waste,81,48,,
2007,Mecklenburg-Western Pomerania,Recyclable materials collected separately,246.7,147,,
2007,Mecklenburg-West Pomerania,old electrical appliances,0,0,,
2007,Mecklenburg-Western Pomerania,Other waste,0.9,1,,
2007,Lower Saxony,household and bulky waste,1579.4,198,,
2007,Lower Saxony,Separately collected organic waste,1208.3,152,,
2007,Lower Saxony,Recyclable materials collected separately,1238.1,155,,
2007,Lower Saxony,old electrical appliances,0,0,,
2007,Lower Saxony,Other waste,7,1,,
2007,North Rhine-Westphalia,household and bulky waste,4069.8,226,,
2007,North Rhine-Westphalia,Separately collected organic waste,1955.6,109,,
2007,North Rhine-Westphalia,Recyclable materials collected separately,2477.6,138,,
2007,North Rhine-Westphalia,Waste electrical equipment,0,0,,
2007,North Rhine-Westphalia,Other waste,30.4,2,,
2007,Rhineland-Palatinate,household and bulky waste,782.3,193,,
2007,Rhineland-Palatinate,Separately collected organic waste,548.6,136,,
2007,Rhineland-Palatinate,Recyclable materials collected separately,677.1,167,,
2007,Rhineland-Palatinate,old electrical appliances,0,0,,
2007,Rhineland-Palatinate,Other waste,20,5,,
2007,Saarland,Household and bulky waste,250,241,,
2007,Saarland,Separately collected organic waste,134.3,130,,
2007,Saarland,Recyclable materials collected separately,139.9,135,,
2007,Saarland,old electrical appliances,0,0,,
2007,Saarland,Other waste,0.7,1,,
2007,Saxony,household and bulky waste,654.5,155,,
2007,Saxony,Separately collected organic waste,217.4,52,,
2007,Saxony,Recyclable materials collected separately,531.9,126,,
2007,Saxony,old electrical appliances,0,0,,
2007,Saxony,Other waste,3.3,1,,
2007,Saxony-Anhalt,household and bulky waste,525.6,218,,
2007,Saxony-Anhalt,Separately collected organic waste,220.1,91,,
2007,Saxony-Anhalt,separately collected recyclables,301.3,125,,
2007,Saxony-Anhalt,old electrical appliances,0,0,,
2007,Saxony-Anhalt,Other waste,7,3,,
2007,Schleswig-Holstein,household and bulky waste,648.1,228,,
2007,Schleswig-Holstein,Separately collected organic waste,278,98,,
2007,Schleswig-Holstein,separately collected recyclables,428,151,,
2007,Schleswig-Holstein,old electrical appliances,0,0,,
2007,Schleswig-Holstein,Other waste,2.4,1,,
2007,Thuringia,household and bulky waste,428.1,187,,
2007,Thuringia,Separately collected organic waste,153.1,67,,
2007,Thuringia,Separately collected recyclables,306.1,134,,
2007,Thuringia,old electrical appliances,0,0,,
2007,Thuringia,Other waste,8,4,,
2007,Total,Household and bulky waste,16441.6,200,,
2007,Total,Separately collected organic waste,8780.2,107,,
2007,Total,Recyclable materials collected separately,11973.3,146,,
2007,Total,Waste Electrical Equipment,0,0,,
2007,Total,Other waste,162,2,,
2008,Baden-Württemberg,household and bulky waste,1536.7,143,,
2008,Baden-Württemberg,Separately collected organic waste,1286.2,120,,
2008,Baden-Württemberg,Recyclable materials collected separately,1754,163,,
2008,Baden-Württemberg,Waste electrical equipment,0,0,,
2008,Baden-Württemberg,Other waste,6.9,1,,
2008,Bavaria,household and bulky waste,2037.6,163,,
2008,Bavaria,Separately collected organic waste,1715.5,137,,
2008,Bavaria,Recyclable materials collected separately,1958.3,156,,
2008,Bavaria,old electrical appliances,0,0,,
2008,Bavaria,Other waste,64,5,,
2008,Berlin,household and bulky waste,897.8,262,,
2008,Berlin,Separately collected organic waste,110.2,32,,
2008,Berlin,Recyclable materials collected separately,411.2,120,,
2008,Berlin,old electrical appliances,0,0,,
2008,Berlin,Other waste,1.9,1,,
2008,Brandenburg,household and bulky waste,503.7,200,,
2008,Brandenburg,Separately collected organic waste,80.6,32,,
2008,Brandenburg,Recyclable materials collected separately,347.8,138,,
2008,Brandenburg,Waste electrical appliances,0,0,,
2008,Brandenburg,Other waste,1.4,1,,
2008,Bremen,household and bulky waste,161,243,,
2008,Bremen,Separately collected organic waste,58.1,88,,
2008,Bremen,Separately collected recyclable materials,84.5,128,,
2008,Bremen,old electrical appliances,0,0,,
2008,Bremen,Other waste,0.2,0,,
2008,Hamburg,household and bulky waste,600.3,339,,
2008,Hamburg,Separately collected organic waste,35,20,,
2008,Hamburg,Recyclables collected separately,180.9,102,,
2008,Hamburg,old electrical appliances,0,0,,
2008,Hamburg,Other waste,2.2,1,,
2008,Hessen,domestic and bulky waste,1235.2,204,,
2008,Hessen,Separately collected organic waste,742.2,122,,
2008,Hessen,Recyclable materials collected separately,831.1,137,,
2008,Hesse,old electrical appliances,0,0,,
2008,Hessen,Other waste,2.9,0,,
2008,Mecklenburg-West Pomerania,household and bulky waste,379.2,228,,
2008,Mecklenburg-West Pomerania,Separately collected organic waste,79,47,,
2008,Mecklenburg-Western Pomerania,Recyclable materials collected separately,232,139,,
2008,Mecklenburg-West Pomerania,old electrical appliances,0,0,,
2008,Mecklenburg-Western Pomerania,Other waste,0.9,1,,
2008,Lower Saxony,household and bulky waste,1538.2,194,,
2008,Lower Saxony,Separately collected organic waste,1208.1,152,,
2008,Lower Saxony,Separately collected recyclable materials,1222.5,154,,
2008,Lower Saxony,old electrical appliances,0,0,,
2008,Lower Saxony,Other waste,11.2,1,,
2008,North Rhine-Westphalia,household and bulky waste,4001.7,223,,
2008,North Rhine-Westphalia,Separately collected organic waste,1900.7,106,,
2008,North Rhine-Westphalia,Recyclable materials collected separately,2361.1,132,,
2008,North Rhine-Westphalia,old electrical appliances,0,0,,
2008,North Rhine-Westphalia,Other waste,33.5,2,,
2008,Rhineland-Palatinate,household and bulky waste,769.5,191,,
2008,Rhineland-Palatinate,Separately collected organic waste,555.6,138,,
2008,Rhineland-Palatinate,Recyclable materials collected separately,675.8,168,,
2008,Rhineland-Palatinate,old electrical appliances,0,0,,
2008,Rhineland-Palatinate,Other waste,17.4,4,,
2008,Saarland,household and bulky waste,246.9,240,,
2008,Saarland,Separately collected organic waste,136.6,133,,
2008,Saarland,Recyclable materials collected separately,128.6,125,,
2008,Saarland,old electrical appliances,0,0,,
2008,Saarland,Other waste,0.8,1,,
2008,Saxony,household and bulky waste,641,153,,
2008,Saxony,Separately collected organic waste,206.9,49,,
2008,Saxony,Recyclable materials collected separately,500.4,119,,
2008,Saxony,old electrical appliances,0,0,,
2008,Saxony,Other waste,3.7,1,,
2008,Saxony-Anhalt,household and bulky waste,496.6,208,,
2008,Saxony-Anhalt,Separately collected organic waste,219.2,92,,
2008,Saxony-Anhalt,separately collected recyclables,309.7,130,,
2008,Saxony-Anhalt,old electrical appliances,0,0,,
2008,Saxony-Anhalt,Other waste,5.3,2,,
2008,Schleswig-Holstein,household and bulky waste,637.1,225,,
2008,Schleswig-Holstein,Separately collected organic waste,258.1,91,,
2008,Schleswig-Holstein,separately collected recyclables,431.9,152,,
2008,Schleswig-Holstein,old electrical appliances,0,0,,
2008,Schleswig-Holstein,Other waste,2.5,1,,
2008,Thuringia,household and bulky waste,414,183,,
2008,Thuringia,Separately collected organic waste,151,67,,
2008,Thuringia,Separately collected recyclable materials,291.1,128,,
2008,Thuringia,old electrical appliances,0,0,,
2008,Thuringia,Other waste,7.6,3,,
2008,Total,Household and bulky waste,16096.5,196,,
2008,Total,Separately collected organic waste,8743,107,,
2008,Total,Recyclable materials collected separately,11721,143,,
2008,Total,Waste electrical equipment,0,0,,
2008,Total,Other waste,162.3,2,,
2009,Baden-Württemberg,household and bulky waste,1566.6,146,,
2009,Baden-Württemberg,Separately collected organic waste,1351.9,126,,
2009,Baden-Württemberg,Recyclable materials collected separately,1754.8,163,,
2009,Baden-Württemberg,old electrical appliances,0,0,,
2009,Baden-Württemberg,Other waste,7.6,1,,
2009,Bavaria,household and bulky waste,2056.8,164,,
2009,Bavaria,Separately collected organic waste,1772.2,142,,
2009,Bavaria,Recyclable materials collected separately,1967.2,157,,
2009,Bavaria,old electrical appliances,0,0,,
2009,Bavaria,Other waste,67.4,5,,
2009,Berlin,household and bulky waste,911.4,265,,
2009,Berlin,Separately collected organic waste,126.4,37,,
2009,Berlin,Recyclable materials collected separately,401.8,117,,
2009,Berlin,old electrical appliances,0,0,,
2009,Berlin,Other waste,1.9,1,,
2009,Brandenburg,household and bulky waste,532.5,212,,
2009,Brandenburg,Separately collected organic waste,98.3,39,,
2009,Brandenburg,Recyclable materials collected separately,343,137,,
2009,Brandenburg,old electrical appliances,0,0,,
2009,Brandenburg,Other waste,2,1,,
2009,Bremen,household and bulky waste,161.6,244,,
2009,Bremen,Separately collected organic waste,59.4,90,,
2009,Bremen,Separately collected recyclable materials,81.6,123,,
2009,Bremen,old electrical appliances,0,0,,
2009,Bremen,Other waste,0.2,0,,
2009,Hamburg,household and bulky waste,586.2,330,,
2009,Hamburg,Separately collected organic waste,36.1,20,,
2009,Hamburg,Recyclables collected separately,178.2,100,,
2009,Hamburg,old electrical appliances,0,0,,
2009,Hamburg,Other waste,2.5,1,,
2009,Hessen,domestic and bulky waste,1252.8,207,,
2009,Hessen,Separately collected organic waste,788.9,130,,
2009,Hessen,Recyclable materials collected separately,848.4,140,,
2009,Hesse,old electrical appliances,0,0,,
2009,Hessen,Other waste,22.1,4,,
2009,Mecklenburg-West Pomerania,household and bulky waste,381.2,231,,
2009,Mecklenburg-West Pomerania,Separately collected organic waste,86.8,53,,
2009,Mecklenburg-Western Pomerania,Recyclable materials collected separately,221.5,134,,
2009,Mecklenburg-West Pomerania,old electrical appliances,0,0,,
2009,Mecklenburg-Western Pomerania,Other waste,0.9,1,,
2009,Lower Saxony,household and bulky waste,1525.4,192,,
2009,Lower Saxony,Separately collected organic waste,1191.1,150,,
2009,Lower Saxony,separately collected recyclables,1226.4,155,,
2009,Lower Saxony,old electrical appliances,0,0,,
2009,Lower Saxony,Other waste,9.9,1,,
2009,North Rhine-Westphalia,household and bulky waste,4040.2,226,,
2009,North Rhine-Westphalia,Separately collected organic waste,1955.6,109,,
2009,North Rhine-Westphalia,Recyclable materials collected separately,2330.2,130,,
2009,North Rhine-Westphalia,old electrical appliances,0,0,,
2009,North Rhine-Westphalia,Other waste,43.1,2,,
2009,Rhineland-Palatinate,Household and bulky waste,775,193,,
2009,Rhineland-Palatinate,Separately collected organic waste,590.5,147,,
2009,Rhineland-Palatinate,Recyclable materials collected separately,686.5,171,,
2009,Rhineland-Palatinate,old electrical appliances,0,0,,
2009,Rhineland-Palatinate,Other waste,20.1,5,,
2009,Saarland,household and bulky waste,245.5,240,,
2009,Saarland,Separately collected organic waste,140.8,138,,
2009,Saarland,Recyclable materials collected separately,119.7,117,,
2009,Saarland,old electrical appliances,0,0,,
2009,Saarland,Other waste,0.6,1,,
2009,Saxony,household and bulky waste,642.3,154,,
2009,Saxony,Separately collected organic waste,222.9,53,,
2009,Saxony,Recyclable materials collected separately,500.1,120,,
2009,Saxony,old electrical appliances,0,0,,
2009,Saxony,Other waste,3.3,1,,
2009,Saxony-Anhalt,household and bulky waste,494.6,210,,
2009,Saxony-Anhalt,Separately collected organic waste,240.5,102,,
2009,Saxony-Anhalt,separately collected recyclables,307.6,131,,
2009,Saxony-Anhalt,old electrical appliances,0,0,,
2009,Saxony-Anhalt,Other waste,4,2,,
2009,Schleswig-Holstein,household and bulky waste,642,227,,
2009,Schleswig-Holstein,Organic waste collected separately,268.4,95,,
2009,Schleswig-Holstein,separately collected recyclables,430.4,152,,
2009,Schleswig-Holstein,old electrical appliances,0,0,,
2009,Schleswig-Holstein,Other waste,2.5,1,,
2009,Thuringia,household and bulky waste,424,188,,
2009,Thuringia,Separately collected organic waste,166.6,74,,
2009,Thuringia,Separately collected recyclable materials,292.8,130,,
2009,Thuringia,old electrical appliances,0,0,,
2009,Thuringia,Other waste,7.6,3,,
2009,Total,Household and bulky waste,16238,199,,
2009,Total,Separately collected organic waste,9096.5,111,,
2009,Total,Recyclable materials collected separately,11690.1,143,,
2009,Total,Waste electrical equipment,0,0,,
2009,Total,Other waste,195.6,2,,
2010,Baden-Württemberg,household and bulky waste,1556.7,145,,
2010,Baden-Württemberg,Separately collected organic waste,1294.9,120,,
2010,Baden-Württemberg,Recyclable materials collected separately,1753.1,163,,
2010,Baden-Württemberg,old electrical appliances,0,0,,
2010,Baden-Württemberg,Other waste,7.2,1,,
2010,Bavaria,household and bulky waste,2050.4,164,,
2010,Bavaria,Separately collected organic waste,1733.7,138,,
2010,Bavaria,Recyclable materials collected separately,1976.2,158,,
2010,Bavaria,old electrical appliances,0,0,,
2010,Bavaria,Other waste,84.6,7,,
2010,Berlin,household and bulky waste,893,258,,
2010,Berlin,Separately collected organic waste,114.6,33,,
2010,Berlin,Recyclable materials collected separately,399.3,115,,
2010,Berlin,old electrical appliances,0,0,,
2010,Berlin,Other waste,2.6,1,,
2010,Brandenburg,household and bulky waste,533.3,213,,
2010,Brandenburg,Separately collected organic waste,99.9,40,,
2010,Brandenburg,Recyclable materials collected separately,346.5,138,,
2010,Brandenburg,old electrical appliances,0,0,,
2010,Brandenburg,Other waste,2.1,1,,
2010,Bremen,household and bulky waste,158.3,240,,
2010,Bremen,Separately collected organic waste,56.6,86,,
2010,Bremen,Separately collected recyclable materials,80.4,122,,
2010,Bremen,old electrical appliances,0,0,,
2010,Bremen,Other waste,0.2,0,,
2010,Hamburg,household and bulky waste,566.9,317,,
2010,Hamburg,Separately collected organic waste,37.2,21,,
2010,Hamburg,Recyclable materials collected separately,180.7,101,,
2010,Hamburg,old electrical appliances,0,0,,
2010,Hamburg,Other waste,2.6,1,,
2010,Hessen,domestic and bulky waste,1246.3,205,,
2010,Hessen,Separately collected organic waste,779.1,128,,
2010,Hessen,Recyclable materials collected separately,840.1,138,,
2010,Hesse,old electrical appliances,0,0,,
2010,Hessen,Other waste,3.2,1,,
2010,Mecklenburg-Western Pomerania,household and bulky waste,378.1,230,,
2010,Mecklenburg-West Pomerania,Separately collected organic waste,81.9,50,,
2010,Mecklenburg-Western Pomerania,Recyclable materials collected separately,222.4,135,,
2010,Mecklenburg-West Pomerania,old electrical appliances,0,0,,
2010,Mecklenburg-Western Pomerania,Other waste,1,1,,
2010,Lower Saxony,household and bulky waste,1509.5,191,,
2010,Lower Saxony,Separately collected organic waste,1143.4,144,,
2010,Lower Saxony,separately collected recyclables,1234.2,156,,
2010,Lower Saxony,old electrical appliances,0,0,,
2010,Lower Saxony,Other waste,8.2,1,,
2010,North Rhine-Westphalia,household and bulky waste,3998.7,224,,
2010,North Rhine-Westphalia,Separately collected organic waste,1866,105,,
2010,North Rhine-Westphalia,Recyclable materials collected separately,2360.1,132,,
2010,North Rhine-Westphalia,old electrical appliances,0,0,,
2010,North Rhine-Westphalia,Other waste,43.8,2,,
2010,Rhineland-Palatinate,household and bulky waste,777.3,194,,
2010,Rhineland-Palatinate,Separately collected organic waste,582.8,146,,
2010,Rhineland-Palatinate,Recyclable materials collected separately,683.6,171,,
2010,Rhineland-Palatinate,old electrical appliances,0,0,,
2010,Rhineland-Palatinate,Other waste,17.1,4,,
2010,Saarland,household and bulky waste,245.9,242,,
2010,Saarland,Separately collected organic waste,135.6,133,,
2010,Saarland,Recyclable materials collected separately,116.4,114,,
2010,Saarland,old electrical appliances,0,0,,
2010,Saarland,Other waste,0.5,1,,
2010,Saxony,household and bulky waste,631.8,152,,
2010,Saxony,Separately collected organic waste,213.7,51,,
2010,Saxony,Recyclable materials recorded separately,494.4,119,,
2010,Saxony,old electrical appliances,0,0,,
2010,Saxony,Other waste,3.1,1,,
2010,Saxony-Anhalt,household and bulky waste,495.7,212,,
2010,Saxony-Anhalt,Separately collected organic waste,224.7,96,,
2010,Saxony-Anhalt,separately collected recyclables,311,133,,
2010,Saxony-Anhalt,old electrical appliances,0,0,,
2010,Saxony-Anhalt,Other waste,2.9,1,,
2010,Schleswig-Holstein,Household and bulky waste,633.1,223,,
2010,Schleswig-Holstein,Separately collected organic waste,255.6,90,,
2010,Schleswig-Holstein,separately collected recyclables,434,153,,
2010,Schleswig-Holstein,old electrical appliances,0,0,,
2010,Schleswig-Holstein,Other waste,2.5,1,,
2010,Thuringia,household and bulky waste,413.2,185,,
2010,Thuringia,Separately collected organic waste,160,72,,
2010,Thuringia,Separately collected recyclable materials,292.2,131,,
2010,Thuringia,old electrical appliances,0,0,,
2010,Thuringia,Other waste,7.5,3,,
2010,Total,Household and bulky waste,16088.1,197,,
2010,Total,Separately collected organic waste,8779.6,107,,
2010,Total,Recyclable materials collected separately,11724.7,143,,
2010,Total,Waste electrical equipment,0,0,,
2010,Total,Other waste,189,2,,
2011,Baden-Württemberg,household and bulky waste,1555,148,,
2011,Baden-Württemberg,Separately collected organic waste,1372.5,131,,
2011,Baden-Württemberg,Recyclable materials collected separately,1779.3,169,,
2011,Baden-Württemberg,Waste electrical equipment,0,0,,
2011,Baden-Württemberg,Other waste,7.5,1,,
2011,Bavaria,household and bulky waste,2080.4,167,,
2011,Bavaria,Separately collected organic waste,1781.6,143,,
2011,Bavaria,Recyclable materials collected separately,2040.9,164,,
2011,Bavaria,old electrical appliances,0,0,,
2011,Bavaria,Other waste,6.7,1,,
2011,Berlin,household and bulky waste,880.1,265,,
2011,Berlin,Separately collected organic waste,127,38,,
2011,Berlin,Recyclable materials collected separately,416.5,125,,
2011,Berlin,old electrical appliances,0,0,,
2011,Berlin,Other waste,2.5,1,,
2011,Brandenburg,household and bulky waste,534.4,218,,
2011,Brandenburg,Separately collected organic waste,109.5,45,,
2011,Brandenburg,Recyclable materials collected separately,347.5,142,,
2011,Brandenburg,old electrical appliances,0,0,,
2011,Brandenburg,Other waste,2.3,1,,
2011,Bremen,household and bulky waste,159.6,245,,
2011,Bremen,Separately collected organic waste,57,87,,
2011,Bremen,Separately collected recyclable materials,81.3,125,,
2011,Bremen,old electrical appliances,0,0,,
2011,Bremen,Other waste,0.2,0,,
2011,Hamburg,household and bulky waste,551.8,321,,
2011,Hamburg,Separately collected organic waste,55.1,32,,
2011,Hamburg,Recyclable materials collected separately,193.3,113,,
2011,Hamburg,old electrical appliances,0,0,,
2011,Hamburg,Other waste,2.7,2,,
2011,Hessen,domestic and bulky waste,1227,205,,
2011,Hessen,Separately collected organic waste,768.2,128,,
2011,Hessen,Recyclable materials collected separately,855.2,143,,
2011,Hesse,old electrical appliances,0,0,,
2011,Hessen,Other waste,3.1,1,,
2011,Mecklenburg-West Pomerania,household and bulky waste,380.1,237,,
2011,Mecklenburg-Western Pomerania,Separately collected organic waste,94.1,59,,
2011,Mecklenburg-Western Pomerania,Recyclable materials collected separately,222.8,139,,
2011,Mecklenburg-West Pomerania,old electrical appliances,0,0,,
2011,Mecklenburg-West Pomerania,Other waste,1,1,,
2011,Lower Saxony,household and bulky waste,1518.4,195,,
2011,Lower Saxony,Separately collected organic waste,1192.4,153,,
2011,Lower Saxony,separately collected recyclables,1280.3,165,,
2011,Lower Saxony,old electrical appliances,0,0,,
2011,Lower Saxony,Other waste,7,1,,
2011,North Rhine-Westphalia,household and bulky waste,3975,227,,
2011,North Rhine-Westphalia,Separately collected organic waste,1900.4,108,,
2011,North Rhine-Westphalia,Recyclable materials collected separately,2417.9,138,,
2011,North Rhine-Westphalia,old electrical appliances,0,0,,
2011,North Rhine-Westphalia,Other waste,29.4,2,,
2011,Rhineland-Palatinate,household and bulky waste,766.9,192,,
2011,Rhineland-Palatinate,Separately collected organic waste,587.8,147,,
2011,Rhineland-Palatinate,Recyclable materials collected separately,699.2,175,,
2011,Rhineland-Palatinate,old electrical appliances,0,0,,
2011,Rhineland-Palatinate,Other waste,17,4,,
2011,Saarland,household and bulky waste,189.6,190,,
2011,Saarland,Separately collected organic waste,140.6,141,,
2011,Saarland,Recyclable materials collected separately,133.3,134,,
2011,Saarland,Waste electrical appliances,0,0,,
2011,Saarland,Other waste,0.5,1,,
2011,Saxony,household and bulky waste,633.9,156,,
2011,Saxony,Separately collected organic waste,220.8,54,,
2011,Saxony,Recyclable materials collected separately,502.6,124,,
2011,Saxony,old electrical appliances,0,0,,
2011,Saxony,Other waste,3.8,1,,
2011,Saxony-Anhalt,household and bulky waste,481.3,211,,
2011,Saxony-Anhalt,Separately collected organic waste,240.8,106,,
2011,Saxony-Anhalt,separately collected recyclables,307.7,135,,
2011,Saxony-Anhalt,old electrical appliances,0,0,,
2011,Saxony-Anhalt,Other waste,3.1,1,,
2011,Schleswig-Holstein,household and bulky waste,654.7,234,,
2011,Schleswig-Holstein,Separately collected organic waste,266.1,95,,
2011,Schleswig-Holstein,separately collected recyclables,441.7,158,,
2011,Schleswig-Holstein,old electrical appliances,0,0,,
2011,Schleswig-Holstein,Other waste,2.9,1,,
2011,Thuringia,household and bulky waste,415.7,191,,
2011,Thuringia,Separately collected organic waste,169.2,78,,
2011,Thuringia,Separately collected recyclables,292,134,,
2011,Thuringia,old electrical appliances,0,0,,
2011,Thuringia,Other waste,8.1,4,,
2011,Total,Household and bulky waste,16003.8,199,,
2011,Total,Separately collected organic waste,9083.2,113,,
2011,Total,Recyclable materials collected separately,12011.3,150,,
2011,Total,Waste electrical equipment,0,0,,
2011,Total,Other waste,97.7,1,,
2012,Baden-Württemberg,household and bulky waste,1533.2,145,,
2012,Baden-Württemberg,Separately collected organic waste,1385.9,131,,
2012,Baden-Württemberg,Recyclable materials recorded separately,1776.2,168,,
2012,Baden-Württemberg,Waste electrical equipment,0,0,,
2012,Baden-Württemberg,Other waste,8,1,,
2012,Bavaria,household and bulky waste,2060,165,,
2012,Bavaria,Separately collected organic waste,1808.2,144,,
2012,Bavaria,Recyclable materials collected separately,1987.5,159,,
2012,Bavaria,old electrical appliances,0,0,,
2012,Bavaria,Other waste,38.2,3,,
2012,Berlin,household and bulky waste,861.5,255,,
2012,Berlin,Separately collected organic waste,126.5,37,,
2012,Berlin,Recyclable materials collected separately,402.6,119,,
2012,Berlin,old electrical appliances,0,0,,
2012,Berlin,Other waste,2.4,1,,
2012,Brandenburg,household and bulky waste,520.9,213,,
2012,Brandenburg,Separately collected organic waste,107.2,44,,
2012,Brandenburg,Recyclable materials collected separately,333.2,136,,
2012,Brandenburg,Waste electrical equipment,0,0,,
2012,Brandenburg,Other waste,2.3,1,,
2012,Bremen,household and bulky waste,150,229,,
2012,Bremen,Separately collected organic waste,57.8,88,,
2012,Bremen,Separately collected recyclable materials,79.3,121,,
2012,Bremen,old electrical appliances,0,0,,
2012,Bremen,Other waste,0.2,0,,
2012,Hamburg,household and bulky waste,519.7,300,,
2012,Hamburg,Separately collected organic waste,67.9,39,,
2012,Hamburg,Recyclable materials collected separately,196.8,113,,
2012,Hamburg,Waste electrical appliances,0,0,,
2012,Hamburg,Other waste,2.4,1,,
2012,Hesse,household and bulky waste,1193.3,198,,
2012,Hessen,Separately collected organic waste,764.7,127,,
2012,Hessen,Recyclable materials collected separately,844,140,,
2012,Hesse,old electrical appliances,0,0,,
2012,Hessen,Other waste,3.7,1,,
2012,Mecklenburg-Western Pomerania,household and bulky waste,373.6,233,,
2012,Mecklenburg-West Pomerania,Separately collected organic waste,88.1,55,,
2012,Mecklenburg-Western Pomerania,Recyclable materials collected separately,213.7,134,,
2012,Mecklenburg-West Pomerania,old electrical appliances,0,0,,
2012,Mecklenburg-West Pomerania,Other waste,1,1,,
2012,Lower Saxony,household and bulky waste,1486.7,191,,
2012,Lower Saxony,Separately collected organic waste,1173.9,151,,
2012,Lower Saxony,Separately collected recyclable materials,1278.9,164,,
2012,Lower Saxony,old electrical appliances,0,0,,
2012,Lower Saxony,Other waste,10.5,1,,
2012,North Rhine-Westphalia,household and bulky waste,3830.4,218,,
2012,North Rhine-Westphalia,Separately collected organic waste,1907,109,,
2012,North Rhine-Westphalia,Recyclable materials collected separately,2491.1,142,,
2012,North Rhine-Westphalia,Waste electrical equipment,0,0,,
2012,North Rhine-Westphalia,Other waste,29.4,2,,
2012,Rhineland-Palatinate,household and bulky waste,747.7,187,,
2012,Rhineland-Palatinate,Separately collected organic waste,587.6,147,,
2012,Rhineland-Palatinate,Recyclable materials collected separately,688.9,173,,
2012,Rhineland-Palatinate,old electrical appliances,0,0,,
2012,Rhineland-Palatinate,Other waste,20.1,5,,
2012,Saarland,household and bulky waste,186.6,188,,
2012,Saarland,Separately collected organic waste,137.7,138,,
2012,Saarland,Recyclable materials collected separately,133.7,134,,
2012,Saarland,old electrical appliances,0,0,,
2012,Saarland,Other waste,0.6,1,,
2012,Saxony,household and bulky waste,606.7,150,,
2012,Saxony,Separately collected organic waste,201.3,50,,
2012,Saxony,Recyclable materials collected separately,485.5,120,,
2012,Saxony,old electrical appliances,0,0,,
2012,Saxony,Other waste,3.6,1,,
2012,Saxony-Anhalt,household and bulky waste,459.7,203,,
2012,Saxony-Anhalt,Separately collected organic waste,244.3,108,,
2012,Saxony-Anhalt,Recyclable materials collected separately,296,131,,
2012,Saxony-Anhalt,old electrical appliances,0,0,,
2012,Saxony-Anhalt,Other waste,2.6,1,,
2012,Schleswig-Holstein,household and bulky waste,645.2,230,,
2012,Schleswig-Holstein,Separately collected organic waste,268.7,96,,
2012,Schleswig-Holstein,separately collected recyclables,430,153,,
2012,Schleswig-Holstein,old electrical appliances,0,0,,
2012,Schleswig-Holstein,Other waste,3,1,,
2012,Thuringia,household and bulky waste,398.1,183,,
2012,Thuringia,Separately collected organic waste,168.9,78,,
2012,Thuringia,Separately collected recyclable materials,280.7,129,,
2012,Thuringia,old electrical appliances,0,0,,
2012,Thuringia,Other waste,7.2,3,,
2012,Total,Household and bulky waste,15573.1,193,,
2012,Total,Separately collected organic waste,9095.5,113,,
2012,Total,Recyclable materials recorded separately,11917.9,148,,
2012,Total,Waste Electrical Equipment,0,0,,
2012,Total,Other waste,135.3,2,,
2013,Baden-Württemberg,household and bulky waste,1525.3,143,,
2013,Baden-Württemberg,Separately collected organic waste,1379,130,,
2013,Baden-Württemberg,Recyclable materials collected separately,1788.1,168,,
2013,Baden-Württemberg,old electrical appliances,0,0,,
2013,Baden-Württemberg,Other waste,8,1,,
2013,Bavaria,household and bulky waste,2090.3,166,,
2013,Bavaria,Separately collected organic waste,1792.7,142,,
2013,Bavaria,Recyclable materials collected separately,2001.7,159,,
2013,Bavaria,Waste electrical appliances,0,0,,
2013,Bavaria,Other waste,56.4,4,,
2013,Berlin,household and bulky waste,866.9,253,,
2013,Berlin,Separately collected organic waste,134.5,39,,
2013,Berlin,Recyclable materials collected separately,385.6,113,,
2013,Berlin,old electrical appliances,0,0,,
2013,Berlin,Other waste,2.6,1,,
2013,Brandenburg,Household and bulky waste,514.9,210,,
2013,Brandenburg,Separately collected organic waste,113.8,46,,
2013,Brandenburg,Recyclable materials collected separately,330,135,,
2013,Brandenburg,Waste electrical appliances,0,0,,
2013,Brandenburg,Other waste,4.5,2,,
2013,Bremen,household and bulky waste,151.5,231,,
2013,Bremen,Separately collected organic waste,55.6,85,,
2013,Bremen,Separately collected recyclable materials,79.6,121,,
2013,Bremen,old electrical appliances,0,0,,
2013,Bremen,Other waste,0.2,0,,
2013,Hamburg,household and bulky waste,506.5,290,,
2013,Hamburg,Separately collected organic waste,71.6,41,,
2013,Hamburg,Recyclable materials collected separately,209.4,120,,
2013,Hamburg,old electrical appliances,0,0,,
2013,Hamburg,Other waste,2.5,1,,
2013,Hessen,domestic and bulky waste,1182,196,,
2013,Hessen,Separately collected organic waste,762.1,126,,
2013,Hessen,Recyclable materials collected separately,841.8,139,,
2013,Hesse,old electrical appliances,0,0,,
2013,Hessen,Other waste,3.1,1,,
2013,Mecklenburg-Western Pomerania,household and bulky waste,369.3,231,,
2013,Mecklenburg-Western Pomerania,Separately collected organic waste,94.5,59,,
2013,Mecklenburg-Western Pomerania,Recyclable materials collected separately,217.4,136,,
2013,Mecklenburg-West Pomerania,old electrical appliances,0,0,,
2013,Mecklenburg-Western Pomerania,Other waste,1,1,,
2013,Lower Saxony,household and bulky waste,1474.8,189,,
2013,Lower Saxony,Separately collected organic waste,1142.3,147,,
2013,Lower Saxony,Separately collected recyclable materials,1278.5,164,,
2013,Lower Saxony,old electrical appliances,0,0,,
2013,Lower Saxony,Other waste,11.5,1,,
2013,North Rhine-Westphalia,household and bulky waste,3749,213,,
2013,North Rhine-Westphalia,Separately collected organic waste,1888.2,107,,
2013,North Rhine-Westphalia,Separately collected recyclable materials,2469.7,141,,
2013,North Rhine-Westphalia,old electrical appliances,0,0,,
2013,North Rhine-Westphalia,Other waste,21.2,1,,
2013,Rhineland-Palatinate,household and bulky waste,742.9,186,,
2013,Rhineland-Palatinate,Separately collected organic waste,588.7,147,,
2013,Rhineland-Palatinate,Recyclable materials collected separately,688.1,172,,
2013,Rhineland-Palatinate,old electrical appliances,0,0,,
2013,Rhineland-Palatinate,Other waste,22.4,6,,
2013,Saarland,household and bulky waste,186.2,188,,
2013,Saarland,Separately collected organic waste,141.6,143,,
2013,Saarland,Recyclable materials collected separately,159.3,161,,
2013,Saarland,old electrical appliances,0,0,,
2013,Saarland,Other waste,0.6,1,,
2013,Saxony,Household and bulky waste,608.6,150,,
2013,Saxony,Organic waste collected separately,195.5,48,,
2013,Saxony,Recyclable materials collected separately,491.9,122,,
2013,Saxony,old electrical appliances,0,0,,
2013,Saxony,Other waste,4.1,1,,
2013,Saxony-Anhalt,household and bulky waste,462.8,206,,
2013,Saxony-Anhalt,Separately collected organic waste,241.9,108,,
2013,Saxony-Anhalt,separately collected recyclables,302,135,,
2013,Saxony-Anhalt,old electrical appliances,0,0,,
2013,Saxony-Anhalt,Other waste,2.9,1,,
2013,Schleswig-Holstein,household and bulky waste,629.5,224,,
2013,Schleswig-Holstein,Organic waste collected separately,268.7,95,,
2013,Schleswig-Holstein,separately collected recyclables,424,151,,
2013,Schleswig-Holstein,old electrical appliances,0,0,,
2013,Schleswig-Holstein,Other waste,3.1,1,,
2013,Thuringia,household and bulky waste,404.9,187,,
2013,Thuringia,Separately collected organic waste,185.8,86,,
2013,Thuringia,Separately collected recyclables,283.6,131,,
2013,Thuringia,old electrical appliances,0,0,,
2013,Thuringia,Other waste,7.3,3,,
2013,Total,Household and bulky waste,15465.4,191,,
2013,Total,Separately collected organic waste,9056.4,112,,
2013,Total,Recyclable materials collected separately,11950.8,148,,
2013,Total,Waste Electrical Equipment,0,0,,
2013,Total,Other waste,151.3,2,,
2014,Baden-Württemberg,household and bulky waste,1526.9,142,,
2014,Baden-Württemberg,Separately collected organic waste,1481.9,138,,
2014,Baden-Württemberg,Recyclable materials collected separately,1781.9,166,,
2014,Baden-Württemberg,old electrical appliances,0,0,,
2014,Baden-Württemberg,Other waste,7.8,1,,
2014,Bavaria,household and bulky waste,2097.4,165,,
2014,Bavaria,Separately collected organic waste,1895.4,149,,
2014,Bavaria,Recyclable materials collected separately,2006.1,158,,
2014,Bavaria,old electrical appliances,0,0,,
2014,Bavaria,Other waste,67.8,5,,
2014,Berlin,household and bulky waste,868,250,,
2014,Berlin,Separately collected organic waste,79.1,23,,
2014,Berlin,Recyclable materials collected separately,385,111,,
2014,Berlin,old electrical appliances,0,0,,
2014,Berlin,Other waste,2.8,1,,
2014,Brandenburg,household and bulky waste,513.8,209,,
2014,Brandenburg,Separately collected organic waste,135.7,55,,
2014,Brandenburg,Recyclable materials collected separately,332.4,135,,
2014,Brandenburg,old electrical appliances,0,0,,
2014,Brandenburg,Other waste,4.9,2,,
2014,Bremen,household and bulky waste,149.7,226,,
2014,Bremen,Separately collected organic waste,58.5,88,,
2014,Bremen,Separately collected recyclables,80.7,122,,
2014,Bremen,old electrical appliances,0,0,,
2014,Bremen,Other waste,0.2,0,,
2014,Hamburg,Household and bulky waste,501.1,284,,
2014,Hamburg,Separately collected organic waste,79.3,45,,
2014,Hamburg,Recyclable materials collected separately,211.4,120,,
2014,Hamburg,old electrical appliances,0,0,,
2014,Hamburg,Other waste,2.4,1,,
2014,Hesse,household and bulky waste,1153.4,189,,
2014,Hessen,Separately collected organic waste,828.9,136,,
2014,Hessen,Recyclable materials collected separately,869.1,143,,
2014,Hessen,old electrical appliances,0,0,,
2014,Hesse,Other waste,3.3,1,,
2014,Mecklenburg-Western Pomerania,household and bulky waste,371,232,,
2014,Mecklenburg-Western Pomerania,Separately collected organic waste,107.3,67,,
2014,Mecklenburg-Western Pomerania,Recyclable materials collected separately,221.2,138,,
2014,Mecklenburg-West Pomerania,old electrical appliances,0,0,,
2014,Mecklenburg-West Pomerania,Other waste,1.1,1,,
2014,Lower Saxony,household and bulky waste,1477.6,189,,
2014,Lower Saxony,Separately collected organic waste,1278.4,163,,
2014,Lower Saxony,separately collected recyclables,1306.1,167,,
2014,Lower Saxony,old electrical appliances,0,0,,
2014,Lower Saxony,Other waste,12.7,2,,
2014,North Rhine-Westphalia,household and bulky waste,3809.1,216,,
2014,North Rhine-Westphalia,Separately collected organic waste,2121.5,120,,
2014,North Rhine-Westphalia,Recyclable materials collected separately,2502.2,142,,
2014,North Rhine-Westphalia,Waste electrical equipment,0,0,,
2014,North Rhine-Westphalia,Other waste,22,1,,
2014,Rhineland-Palatinate,household and bulky waste,743.4,185,,
2014,Rhineland-Palatinate,Separately collected organic waste,642.4,160,,
2014,Rhineland-Palatinate,Recyclable materials collected separately,694.5,173,,
2014,Rhineland-Palatinate,old electrical appliances,0,0,,
2014,Rhineland-Palatinate,Other waste,22.5,6,,
2014,Saarland,household and bulky waste,186.9,189,,
2014,Saarland,Separately collected organic waste,143.6,145,,
2014,Saarland,Recyclable materials collected separately,158.7,161,,
2014,Saarland,old electrical appliances,0,0,,
2014,Saarland,Other waste,0.6,1,,
2014,Saxony,household and bulky waste,605.5,149,,
2014,Saxony,Separately collected organic waste,208.1,51,,
2014,Saxony,Recyclable materials collected separately,491.7,121,,
2014,Saxony,old electrical appliances,0,0,,
2014,Saxony,Other waste,3.5,1,,
2014,Saxony-Anhalt,household and bulky waste,456.1,204,,
2014,Saxony-Anhalt,Separately collected organic waste,271.8,122,,
2014,Saxony-Anhalt,Recyclable materials collected separately,302,135,,
2014,Saxony-Anhalt,old electrical appliances,0,0,,
2014,Saxony-Anhalt,Other waste,2.7,1,,
2014,Schleswig-Holstein,household and bulky waste,662.8,234,,
2014,Schleswig-Holstein,Organic waste collected separately,290.6,103,,
2014,Schleswig-Holstein,separately collected recyclables,422.9,149,,
2014,Schleswig-Holstein,old electrical appliances,0,0,,
2014,Schleswig-Holstein,Other waste,3,1,,
2014,Thuringia,household and bulky waste,395.6,183,,
2014,Thuringia,Separately collected organic waste,208.8,97,,
2014,Thuringia,Recyclable materials collected separately,279.7,130,,
2014,Thuringia,old electrical appliances,0,0,,
2014,Thuringia,Other waste,1.3,1,,
2014,Total,Household and bulky waste,15518.1,191,,
2014,Total,Separately collected organic waste,9831.5,121,,
2014,Total,Recyclable materials collected separately,12045.5,148,,
2014,Total,Waste electrical equipment,0,0,,
2014,Total,Other waste,158.8,2,,
2015,Baden-Württemberg,household and bulky waste,1534.8,141,,
2015,Baden-Württemberg,Separately collected organic waste,1449.2,133,,
2015,Baden-Württemberg,Recyclable materials collected separately,1790.6,165,,
2015,Baden-Württemberg,Waste electrical equipment,0,0,,
2015,Baden-Württemberg,Other waste,7.9,1,,
2015,Bavaria,household and bulky waste,2118.4,165,,
2015,Bavaria,Separately collected organic waste,1852,144,,
2015,Bavaria,Recyclable materials collected separately,2020.2,157,,
2015,Bavaria,Waste electrical equipment,0,0,,
2015,Bavaria,Other waste,66.7,5,,
2015,Berlin,household and bulky waste,869.5,247,,
2015,Berlin,Separately collected organic waste,80.5,23,,
2015,Berlin,Recyclable materials collected separately,386.2,110,,
2015,Berlin,old electrical appliances,0,0,,
2015,Berlin,Other waste,2.4,1,,
2015,Brandenburg,household and bulky waste,522.1,210,,
2015,Brandenburg,Separately collected organic waste,141.9,57,,
2015,Brandenburg,Recyclable materials collected separately,335.5,135,,
2015,Brandenburg,old electrical appliances,0,0,,
2015,Brandenburg,Other waste,5.3,2,,
2015,Bremen,household and bulky waste,151.2,225,,
2015,Bremen,Separately collected organic waste,57.3,85,,
2015,Bremen,Separately collected recyclable materials,81.9,122,,
2015,Bremen,old electrical appliances,0,0,,
2015,Bremen,Other waste,0.2,0,,
2015,Hamburg,household and bulky waste,497.8,279,,
2015,Hamburg,Separately collected organic waste,87,49,,
2015,Hamburg,Recyclable materials collected separately,210.6,118,,
2015,Hamburg,old electrical appliances,0,0,,
2015,Hamburg,Other waste,2.5,1,,
2015,Hesse,household and bulky waste,1110.4,180,,
2015,Hessen,Separately collected organic waste,801.3,130,,
2015,Hesse,Recyclable materials recorded separately,868,141,,
2015,Hesse,old electrical appliances,0,0,,
2015,Hessen,Other waste,3.2,1,,
2015,Mecklenburg-Western Pomerania,Household and bulky waste,368.1,228,,
2015,Mecklenburg-Western Pomerania,Separately collected organic waste,103.5,64,,
2015,Mecklenburg-Western Pomerania,Recyclable materials collected separately,211.7,131,,
2015,Mecklenburg-West Pomerania,old electrical appliances,0,0,,
2015,Mecklenburg-Western Pomerania,Other waste,1.1,1,,
2015,Lower Saxony,household and bulky waste,1481.6,187,,
2015,Lower Saxony,Separately collected organic waste,1261.3,159,,
2015,Lower Saxony,Recyclables collected separately,1310,165,,
2015,Lower Saxony,old electrical appliances,0,0,,
2015,Lower Saxony,Other waste,12.6,2,,
2015,North Rhine-Westphalia,Household and bulky waste,3776.5,211,,
2015,North Rhine-Westphalia,Separately collected organic waste,2014.3,113,,
2015,North Rhine-Westphalia,Recyclable materials collected separately,2511.6,141,,
2015,North Rhine-Westphalia,Waste electrical equipment,0,0,,
2015,North Rhine-Westphalia,Other waste,25.7,1,,
2015,Rhineland-Palatinate,household and bulky waste,733.4,181,,
2015,Rhineland-Palatinate,Separately collected organic waste,658.8,163,,
2015,Rhineland-Palatinate,Recyclable materials collected separately,689.3,170,,
2015,Rhineland-Palatinate,old electrical appliances,0,0,,
2015,Rhineland-Palatinate,Other waste,20.1,5,,
2015,Saarland,household and bulky waste,186,187,,
2015,Saarland,Separately collected organic waste,142.7,143,,
2015,Saarland,Recyclable materials collected separately,156.1,157,,
2015,Saarland,old electrical appliances,0,0,,
2015,Saarland,Other waste,0.5,0,,
2015,Saxony,household and bulky waste,605,148,,
2015,Saxony,Separately collected organic waste,214.5,53,,
2015,Saxony,Recyclable materials collected separately,502.2,123,,
2015,Saxony,old electrical appliances,0,0,,
2015,Saxony,Other waste,3.6,1,,
2015,Saxony-Anhalt,household and bulky waste,452.3,201,,
2015,Saxony-Anhalt,Separately collected organic waste,281.3,125,,
2015,Saxony-Anhalt,separately collected recyclables,301.9,134,,
2015,Saxony-Anhalt,old electrical appliances,0,0,,
2015,Saxony-Anhalt,Other waste,2.1,1,,
2015,Schleswig-Holstein,household and bulky waste,658.8,230,,
2015,Schleswig-Holstein,Organic waste collected separately,317.4,111,,
2015,Schleswig-Holstein,separately collected recyclables,430.1,150,,
2015,Schleswig-Holstein,old electrical appliances,0,0,,
2015,Schleswig-Holstein,Other waste,3.4,1,,
2015,Thuringia,household and bulky waste,396.1,182,,
2015,Thuringia,Separately collected organic waste,202.7,93,,
2015,Thuringia,Separately collected recyclables,283.7,131,,
2015,Thuringia,old electrical appliances,0,0,,
2015,Thuringia,Other waste,1.2,1,,
2015,Total,Household and bulky waste,15461.8,188,,
2015,Total,Separately collected organic waste,9665.8,118,,
2015,Total,Recyclable materials collected separately,12089.7,147,,
2015,Total,Waste Electrical Equipment,0,0,,
2015,Total,Other waste,158.4,2,,
2016,Baden-Württemberg,household and bulky waste,1529.2,140,,
2016,Baden-Württemberg,Separately collected organic waste,1536.5,140,,
2016,Baden-Württemberg,Recyclable materials collected separately,1802.8,165,,
2016,Baden-Württemberg,Waste electrical equipment,0,0,,
2016,Baden-Württemberg,Other waste,8,1,,
2016,Bavaria,household and bulky waste,2149,166,,
2016,Bavaria,Separately collected organic waste,1983.5,153,,
2016,Bavaria,Recyclable materials collected separately,2053.4,159,,
2016,Bavaria,Waste electrical appliances,0,0,,
2016,Bavaria,Other waste,74.1,6,,
2016,Berlin,household and bulky waste,885.5,248,,
2016,Berlin,Separately collected organic waste,85.3,24,,
2016,Berlin,Recyclable materials collected separately,389.2,109,,
2016,Berlin,old electrical appliances,0,0,,
2016,Berlin,Other waste,1.9,1,,
2016,Brandenburg,household and bulky waste,523.6,210,,
2016,Brandenburg,Organic waste collected separately,165.8,66,,
2016,Brandenburg,Recyclable materials collected separately,339.3,136,,
2016,Brandenburg,old electrical appliances,0,0,,
2016,Brandenburg,Other waste,5.4,2,,
2016,Bremen,household and bulky waste,153.1,226,,
2016,Bremen,Separately collected organic waste,58.3,86,,
2016,Bremen,Separately collected recyclables,82.7,122,,
2016,Bremen,old electrical appliances,0,0,,
2016,Bremen,Other waste,0.1,0,,
2016,Hamburg,household and bulky waste,495.6,274,,
2016,Hamburg,Separately collected organic waste,92.9,51,,
2016,Hamburg,Recyclable materials collected separately,209.6,116,,
2016,Hamburg,old electrical appliances,0,0,,
2016,Hamburg,Other waste,2.4,1,,
2016,Hesse,household and bulky waste,1114.3,179,,
2016,Hessen,Separately collected organic waste,860.2,138,,
2016,Hessen,Recyclable materials collected separately,875.9,141,,
2016,Hessen,old electrical appliances,0,0,,
2016,Hessen,Other waste,3.7,1,,
2016,Mecklenburg-Western Pomerania,household and bulky waste,364,226,,
2016,Mecklenburg-Western Pomerania,Separately collected organic waste,120.1,75,,
2016,Mecklenburg-Western Pomerania,Recyclable materials collected separately,215.4,134,,
2016,Mecklenburg-West Pomerania,old electrical appliances,0,0,,
2016,Mecklenburg-West Pomerania,Other waste,1,1,,
2016,Lower Saxony,household and bulky waste,1494.7,188,,
2016,Lower Saxony,Separately collected organic waste,1297,163,,
2016,Lower Saxony,separately collected recyclables,1332.1,168,,
2016,Lower Saxony,old electrical appliances,0,0,,
2016,Lower Saxony,Other waste,13.5,2,,
2016,North Rhine-Westphalia,Household and bulky waste,3794.4,212,,
2016,North Rhine-Westphalia,Separately collected organic waste,2079.4,116,,
2016,North Rhine-Westphalia,Recyclable materials collected separately,2532,142,,
2016,North Rhine-Westphalia,Waste electrical equipment,0,0,,
2016,North Rhine-Westphalia,Other waste,25.9,1,,
2016,Rhineland-Palatinate,household and bulky waste,738.4,182,,
2016,Rhineland-Palatinate,Separately collected organic waste,699.3,172,,
2016,Rhineland-Palatinate,Recyclable materials collected separately,699.3,172,,
2016,Rhineland-Palatinate,old electrical appliances,0,0,,
2016,Rhineland-Palatinate,Other waste,21.2,5,,
2016,Saarland,household and bulky waste,187.9,189,,
2016,Saarland,Separately collected organic waste,135.2,136,,
2016,Saarland,Recyclable materials collected separately,158,158,,
2016,Saarland,old electrical appliances,0,0,,
2016,Saarland,Other waste,0.4,0,,
2016,Saxony,household and bulky waste,614.1,150,,
2016,Saxony,Separately collected organic waste,228.6,56,,
2016,Saxony,Recyclable materials collected separately,501.7,123,,
2016,Saxony,old electrical appliances,0,0,,
2016,Saxony,Other waste,3.7,1,,
2016,Saxony-Anhalt,household and bulky waste,438.1,196,,
2016,Saxony-Anhalt,Separately collected organic waste,274.9,123,,
2016,Saxony-Anhalt,separately collected recyclables,304.5,136,,
2016,Saxony-Anhalt,old electrical appliances,0,0,,
2016,Saxony-Anhalt,Other waste,2.5,1,,
2016,Schleswig-Holstein,household and bulky waste,660.2,229,,
2016,Schleswig-Holstein,Separately collected organic waste,339,118,,
2016,Schleswig-Holstein,separately collected recyclables,430.8,149,,
2016,Schleswig-Holstein,old electrical appliances,0,0,,
2016,Schleswig-Holstein,Other waste,3.2,1,,
2016,Thuringia,household and bulky waste,397.5,184,,
2016,Thuringia,Separately collected organic waste,227.5,105,,
2016,Thuringia,Separately collected recyclable materials,284.9,132,,
2016,Thuringia,old electrical appliances,0,0,,
2016,Thuringia,Other waste,1.3,1,,
2016,Total,Household and bulky waste,15539.7,188,,
2016,Total,Separately collected organic waste,10183.4,123,,
2016,Total,Recyclable materials collected separately,12211.6,148,,
2016,Total,Waste electrical equipment,0,0,,
2016,Total,Other waste,168.4,2,,
2017,Baden-Württemberg,household and bulky waste,1522.5,138,,
2017,Baden-Württemberg,Separately collected organic waste,1546.1,140,,
2017,Baden-Württemberg,Recyclable materials collected separately,1809.9,164,,
2017,Baden-Württemberg,Waste electrical equipment,0,0,,
2017,Baden-Württemberg,Other waste,8.3,1,,
2017,Bavaria,household and bulky waste,2159.7,166,,
2017,Bavaria,Separately collected organic waste,1979.7,152,,
2017,Bavaria,Recyclable materials collected separately,2053.4,158,,
2017,Bavaria,Waste electrical equipment,0,0,,
2017,Bavaria,Other waste,60.2,5,,
2017,Berlin,household and bulky waste,894.3,247,,
2017,Berlin,Separately collected organic waste,90.7,25,,
2017,Berlin,Recyclable materials collected separately,398.4,110,,
2017,Berlin,old electrical appliances,0,0,,
2017,Berlin,Other waste,2.4,1,,
2017,Brandenburg,household and bulky waste,533.4,213,,
2017,Brandenburg,Separately collected organic waste,197.4,79,,
2017,Brandenburg,Recyclable materials collected separately,347.2,139,,
2017,Brandenburg,Waste electrical equipment,0,0,,
2017,Brandenburg,Other waste,5.7,2,,
2017,Bremen,household and bulky waste,153.2,225,,
2017,Bremen,Separately collected organic waste,58.6,86,,
2017,Bremen,Separately collected recyclable materials,84,123,,
2017,Bremen,old electrical appliances,0,0,,
2017,Bremen,Other waste,0.2,0,,
2017,Hamburg,household and bulky waste,489.1,267,,
2017,Hamburg,Organic waste collected separately,97.2,53,,
2017,Hamburg,Recyclable materials collected separately,214.7,117,,
2017,Hamburg,old electrical appliances,0,0,,
2017,Hamburg,Other waste,4.7,3,,
2017,Hessen,domestic and bulky waste,1107.6,177,,
2017,Hessen,Separately collected organic waste,865.8,139,,
2017,Hessen,Separately collected recyclables,876.9,140,,
2017,Hesse,old electrical appliances,0,0,,
2017,Hessen,Other waste,3.8,1,,
2017,Mecklenburg-Western Pomerania,Household and bulky waste,363.2,225,,
2017,Mecklenburg-Western Pomerania,Separately collected organic waste,131,81,,
2017,Mecklenburg-Western Pomerania,Recyclable materials collected separately,214.9,133,,
2017,Mecklenburg-West Pomerania,old electrical appliances,0,0,,
2017,Mecklenburg-West Pomerania,Other waste,1,1,,
2017,Lower Saxony,household and bulky waste,1508,189,,
2017,Lower Saxony,Separately collected organic waste,1324.9,166,,
2017,Lower Saxony,separately collected recyclables,1333.6,167,,
2017,Lower Saxony,old electrical appliances,0,0,,
2017,Lower Saxony,Other waste,16.8,2,,
2017,North Rhine-Westphalia,household and bulky waste,3795,212,,
2017,North Rhine-Westphalia,Separately collected organic waste,2061.6,115,,
2017,North Rhine-Westphalia,Recyclable materials collected separately,2509.2,140,,
2017,North Rhine-Westphalia,Waste electrical equipment,0,0,,
2017,North Rhine-Westphalia,Other waste,26.6,1,,
2017,Rhineland-Palatinate,household and bulky waste,737.5,181,,
2017,Rhineland-Palatinate,Separately collected organic waste,704.8,173,,
2017,Rhineland-Palatinate,Recyclable materials collected separately,684.5,168,,
2017,Rhineland-Palatinate,old electrical appliances,0,0,,
2017,Rhineland-Palatinate,Other waste,21.1,5,,
2017,Saarland,household and bulky waste,185.8,187,,
2017,Saarland,Separately collected organic waste,141.4,142,,
2017,Saarland,Recyclable materials collected separately,157.4,158,,
2017,Saarland,old electrical appliances,0,0,,
2017,Saarland,Other waste,0.4,0,,
2017,Saxony,household and bulky waste,617.5,151,,
2017,Saxony,Separately collected organic waste,254,62,,
2017,Saxony,Recyclable materials collected separately,508.4,125,,
2017,Saxony,old electrical appliances,0,0,,
2017,Saxony,Other waste,3.7,1,,
2017,Saxony-Anhalt,household and bulky waste,436.9,197,,
2017,Saxony-Anhalt,Separately collected organic waste,276.7,124,,
2017,Saxony-Anhalt,separately collected recyclables,310.7,140,,
2017,Saxony-Anhalt,old electrical appliances,0,0,,
2017,Saxony-Anhalt,Other waste,2.5,1,,
2017,Schleswig-Holstein,household and bulky waste,658.4,228,,
2017,Schleswig-Holstein,Separately collected organic waste,349.2,121,,
2017,Schleswig-Holstein,separately collected recyclables,444,154,,
2017,Schleswig-Holstein,old electrical appliances,0,0,,
2017,Schleswig-Holstein,Other waste,2.8,1,,
2017,Thuringia,household and bulky waste,396.3,184,,
2017,Thuringia,Organic waste collected separately,239,111,,
2017,Thuringia,Separately collected recyclable materials,288.5,134,,
2017,Thuringia,old electrical appliances,0,0,,
2017,Thuringia,Other waste,1.4,1,,
2017,Total,Household and bulky waste,15558.6,188,,
2017,Total,Separately collected organic waste,10318,125,,
2017,Total,Recyclable materials collected separately,12235.6,148,,
2017,Total,Waste Electrical Equipment,0,0,,
2017,Total,Other waste,161.6,2,,
2018,Baden-Württemberg,Household and bulky waste,1543.5,139,,
2018,Baden-Württemberg,Separately collected organic waste,1509.3,136,,
2018,Baden-Württemberg,Recyclable materials collected separately,1808,163,,
2018,Baden-Württemberg,Waste electrical equipment,0,0,,
2018,Baden-Württemberg,Other waste,8.4,1,,
2018,Bavaria,household and bulky waste,2182.3,167,,
2018,Bavaria,Separately collected organic waste,1925.8,147,,
2018,Bavaria,Recyclable materials collected separately,2062.5,158,,
2018,Bavaria,Waste electrical equipment,0,0,,
2018,Bavaria,Other waste,59.3,5,,
2018,Berlin,household and bulky waste,879.7,241,,
2018,Berlin,Separately collected organic waste,91.5,25,,
2018,Berlin,Recyclable materials collected separately,385.9,106,,
2018,Berlin,old electrical appliances,0,0,,
2018,Berlin,Other waste,1.3,0,,
2018,Brandenburg,household and bulky waste,530.5,211,,
2018,Brandenburg,Separately collected organic waste,172.6,69,,
2018,Brandenburg,Recyclable materials collected separately,347.4,138,,
2018,Brandenburg,Waste electrical equipment,0,0,,
2018,Brandenburg,Other waste,6.2,2,,
2018,Bremen,household and bulky waste,153.1,224,,
2018,Bremen,Separately collected organic waste,53.2,78,,
2018,Bremen,Separately collected recyclables,81.9,120,,
2018,Bremen,old electrical appliances,0,0,,
2018,Bremen,Other waste,0.2,0,,
2018,Hamburg,household and bulky waste,482.7,262,,
2018,Hamburg,Separately collected organic waste,85.6,47,,
2018,Hamburg,Recyclable materials collected separately,214.6,117,,
2018,Hamburg,old electrical appliances,0,0,,
2018,Hamburg,Other waste,4.8,3,,
2018,Hessen,domestic and bulky waste,1107.6,177,,
2018,Hessen,Separately collected organic waste,801.2,128,,
2018,Hessen,Recyclable materials collected separately,863,138,,
2018,Hesse,old electrical appliances,0,0,,
2018,Hessen,Other waste,11.6,2,,
2018,Mecklenburg-Western Pomerania,Household and bulky waste,367.9,229,,
2018,Mecklenburg-Western Pomerania,Separately collected organic waste,124.8,78,,
2018,Mecklenburg-Western Pomerania,Recyclable materials collected separately,210.7,131,,
2018,Mecklenburg-Western Pomerania,old electrical appliances,0,0,,
2018,Mecklenburg-Western Pomerania,Other waste,1,1,,
2018,Lower Saxony,household and bulky waste,1484.6,186,,
2018,Lower Saxony,Separately collected organic waste,1271.9,159,,
2018,Lower Saxony,Recyclable materials recorded separately,1311.6,164,,
2018,Lower Saxony,old electrical appliances,0,0,,
2018,Lower Saxony,Other waste,18.7,2,,
2018,North Rhine-Westphalia,household and bulky waste,3824.7,213,,
2018,North Rhine-Westphalia,Separately collected organic waste,2007.3,112,,
2018,North Rhine-Westphalia,Recyclable materials collected separately,2433.4,136,,
2018,North Rhine-Westphalia,Waste electrical equipment,0,0,,
2018,North Rhine-Westphalia,Other waste,24.8,1,,
2018,Rhineland-Palatinate,household and bulky waste,723,177,,
2018,Rhineland-Palatinate,Separately collected organic waste,705.4,173,,
2018,Rhineland-Palatinate,Recyclable materials collected separately,687.9,168,,
2018,Rhineland-Palatinate,old electrical appliances,0,0,,
2018,Rhineland-Palatinate,Other waste,20.9,5,,
2018,Saarland,household and bulky waste,190.1,192,,
2018,Saarland,Separately collected organic waste,126.1,127,,
2018,Saarland,Recyclable materials collected separately,156.8,158,,
2018,Saarland,old electrical appliances,0,0,,
2018,Saarland,Other waste,0.4,0,,
2018,Saxony,household and bulky waste,611.1,150,,
2018,Saxony,Separately collected organic waste,242.3,59,,
2018,Saxony,Recyclable materials collected separately,505,124,,
2018,Saxony,old electrical appliances,0,0,,
2018,Saxony,Other waste,3.5,1,,
2018,Saxony-Anhalt,household and bulky waste,423.3,192,,
2018,Saxony-Anhalt,Separately collected organic waste,251.3,114,,
2018,Saxony-Anhalt,Recyclable materials collected separately,307.4,139,,
2018,Saxony-Anhalt,old electrical appliances,0,0,,
2018,Saxony-Anhalt,Other waste,12.3,6,,
2018,Schleswig-Holstein,household and bulky waste,654,226,,
2018,Schleswig-Holstein,Separately collected organic waste,329,114,,
2018,Schleswig-Holstein,separately collected recyclables,435.2,150,,
2018,Schleswig-Holstein,old electrical appliances,0,0,,
2018,Schleswig-Holstein,Other waste,3.1,1,,
2018,Thuringia,household and bulky waste,393.1,183,,
2018,Thuringia,Separately collected organic waste,233.6,109,,
2018,Thuringia,Separately collected recyclables,287.8,134,,
2018,Thuringia,old electrical appliances,0,0,,
2018,Thuringia,Other waste,1.5,1,,
2018,Total,Household and bulky waste,15551.2,187,,
2018,Total,Separately collected organic waste,9930.9,120,,
2018,Total,Recyclable materials collected separately,12099.1,146,,
2018,Total,Waste electrical equipment,0,0,,
2018,Total,Other waste,178.1,2,,
2019,Baden-Württemberg,household and bulky waste,1548.2,139,,
2019,Baden-Württemberg,Organic waste collected separately,1557.7,140,,
2019,Baden-Württemberg,Recyclable materials collected separately,1815.5,164,,
2019,Baden-Württemberg,Waste electrical equipment,0,0,,
2019,Baden-Württemberg,Other waste,8.8,1,,
2019,Bavaria,household and bulky waste,2182.7,166,,
2019,Bavaria,Separately collected organic waste,1946.7,148,,
2019,Bavaria,Recyclable materials collected separately,2100.2,160,,
2019,Bavaria,Waste electrical equipment,0,0,,
2019,Bavaria,Other waste,63.5,5,,
2019,Berlin,household and bulky waste,867,236,,
2019,Berlin,Separately collected organic waste,116.7,32,,
2019,Berlin,Recyclable materials collected separately,394.4,107,,
2019,Berlin,old electrical appliances,0,0,,
2019,Berlin,Other waste,2.1,1,,
2019,Brandenburg,Household and bulky waste,534.4,212,,
2019,Brandenburg,Separately collected organic waste,200.9,80,,
2019,Brandenburg,Recyclable materials collected separately,351.1,139,,
2019,Brandenburg,Waste electrical equipment,0,0,,
2019,Brandenburg,Other waste,8.3,3,,
2019,Bremen,household and bulky waste,156.3,230,,
2019,Bremen,Separately collected organic waste,56.1,82,,
2019,Bremen,Separately collected recyclable materials,79.9,117,,
2019,Bremen,old electrical appliances,0,0,,
2019,Bremen,Other waste,0.2,0,,
2019,Hamburg,household and bulky waste,472,255,,
2019,Hamburg,Separately collected organic waste,91.6,50,,
2019,Hamburg,Recyclable materials collected separately,215.3,117,,
2019,Hamburg,old electrical appliances,0,0,,
2019,Hamburg,Other waste,5,3,,
2019,Hesse,household and bulky waste,1103.3,175,,
2019,Hessen,Separately collected organic waste,842.9,134,,
2019,Hessen,Recyclable materials collected separately,856.8,136,,
2019,Hesse,old electrical appliances,0,0,,
2019,Hessen,Other waste,13.6,2,,
2019,Mecklenburg-Western Pomerania,Household and bulky waste,367.3,228,,
2019,Mecklenburg-Western Pomerania,Separately collected organic waste,143.3,89,,
2019,Mecklenburg-Western Pomerania,Recyclable materials collected separately,211.5,132,,
2019,Mecklenburg-Western Pomerania,old electrical appliances,0,0,,
2019,Mecklenburg-Western Pomerania,Other waste,1.1,1,,
2019,Lower Saxony,household and bulky waste,1494,187,,
2019,Lower Saxony,Separately collected organic waste,1258.6,157,,
2019,Lower Saxony,Separately collected recyclable materials,1316,165,,
2019,Lower Saxony,old electrical appliances,0,0,,
2019,Lower Saxony,Other waste,17.4,2,,
2019,North Rhine-Westphalia,household and bulky waste,3822.2,213,,
2019,North Rhine-Westphalia,Separately collected organic waste,2016.7,112,,
2019,North Rhine-Westphalia,Recyclable materials collected separately,2419.3,135,,
2019,North Rhine-Westphalia,Waste electrical equipment,0,0,,
2019,North Rhine-Westphalia,Other waste,24.3,1,,
2019,Rhineland-Palatinate,household and bulky waste,722,176,,
2019,Rhineland-Palatinate,Separately collected organic waste,712.2,174,,
2019,Rhineland-Palatinate,Recyclable materials collected separately,689,168,,
2019,Rhineland-Palatinate,old electrical appliances,0,0,,
2019,Rhineland-Palatinate,Other waste,24.4,6,,
2019,Saarland,household and bulky waste,188.6,191,,
2019,Saarland,Separately collected organic waste,125,127,,
2019,Saarland,Recyclable materials collected separately,155.8,158,,
2019,Saarland,Waste electrical equipment,0,0,,
2019,Saarland,Other waste,0.4,0,,
2019,Saxony,household and bulky waste,612.4,150,,
2019,Saxony,Separately collected organic waste,257.7,63,,
2019,Saxony,Recyclable materials collected separately,506.1,124,,
2019,Saxony,old electrical appliances,0,0,,
2019,Saxony,Other waste,3.6,1,,
2019,Saxony-Anhalt,household and bulky waste,428,195,,
2019,Saxony-Anhalt,Separately collected organic waste,259,118,,
2019,Saxony-Anhalt,separately collected recyclables,307.5,140,,
2019,Saxony-Anhalt,old electrical appliances,0,0,,
2019,Saxony-Anhalt,Other waste,8.1,4,,
2019,Schleswig-Holstein,household and bulky waste,660.3,227,,
2019,Schleswig-Holstein,Separately collected organic waste,349.6,120,,
2019,Schleswig-Holstein,separately collected recyclables,428.9,148,,
2019,Schleswig-Holstein,old electrical appliances,0,0,,
2019,Schleswig-Holstein,Other waste,3.7,1,,
2019,Thuringia,household and bulky waste,392.3,184,,
2019,Thuringia,Separately collected organic waste,233.6,110,,
2019,Thuringia,Separately collected recyclable materials,288,135,,
2019,Thuringia,old electrical appliances,0,0,,
2019,Thuringia,Other waste,1.6,1,,
2019,Total,Household and bulky waste,15551,187,,
2019,Total,Separately collected organic waste,10168.4,122,,
2019,Total,Recyclable materials collected separately,12135.3,146,,
2019,Total,Waste Electrical Equipment,0,0,,
2019,Total,Other waste,186.2,2,,
2020,Baden-Württemberg,Household and bulky waste,1616.8,146,,
2020,Baden-Württemberg,Separately collected organic waste,1595.7,144,,
2020,Baden-Württemberg,Recyclable materials collected separately,1864.9,168,,
2020,Baden-Württemberg,Waste electrical equipment,0,0,,
2020,Baden-Württemberg,Other waste,9.6,1,,
2020,Bavaria,household and bulky waste,2266.4,172,,
2020,Bavaria,Separately collected organic waste,2026.7,154,,
2020,Bavaria,Recyclable materials collected separately,2151.9,164,,
2020,Bavaria,Waste electrical equipment,0,0,,
2020,Bavaria,Other waste,68.5,5,,
2020,Berlin,household and bulky waste,885.4,242,,
2020,Berlin,Separately collected organic waste,132.8,36,,
2020,Berlin,Recyclable materials collected separately,388.8,106,,
2020,Berlin,old electrical appliances,0,0,,
2020,Berlin,Other waste,1.2,0,,
2020,Brandenburg,Household and bulky waste,558,220,,
2020,Brandenburg,Separately collected organic waste,223.1,88,,
2020,Brandenburg,Recyclable materials collected separately,362.9,143,,
2020,Brandenburg,Waste electrical equipment,0,0,,
2020,Brandenburg,Other waste,8.8,3,,
2020,Bremen,household and bulky waste,160.3,236,,
2020,Bremen,Separately collected organic waste,56.8,84,,
2020,Bremen,Separately collected recyclable materials,81.7,120,,
2020,Bremen,old electrical appliances,0,0,,
2020,Bremen,Other waste,0.3,0,,
2020,Hamburg,household and bulky waste,481.8,260,,
2020,Hamburg,Separately collected organic waste,102.4,55,,
2020,Hamburg,Recyclable materials collected separately,224.9,121,,
2020,Hamburg,old electrical appliances,0,0,,
2020,Hamburg,Other waste,5.9,3,,
2020,Hessen,household and bulky waste,1122,178,,
2020,Hessen,Separately collected organic waste,835.2,133,,
2020,Hessen,Recyclable materials collected separately,864.3,137,,
2020,Hesse,old electrical appliances,0,0,,
2020,Hesse,Other waste,15.2,2,,
2020,Mecklenburg-Western Pomerania,Household and bulky waste,379.6,236,,
2020,Mecklenburg-Western Pomerania,Separately collected organic waste,151.7,94,,
2020,Mecklenburg-Western Pomerania,Recyclable materials collected separately,223.2,139,,
2020,Mecklenburg-Western Pomerania,Old electrical appliances,0,0,,
2020,Mecklenburg-West Pomerania,Other waste,1,1,,
2020,Lower Saxony,household and bulky waste,1561.4,195,,
2020,Lower Saxony,Separately collected organic waste,1330,166,,
2020,Lower Saxony,Recyclable materials recorded separately,1346,168,,
2020,Lower Saxony,old electrical appliances,0,0,,
2020,Lower Saxony,Other waste,21.8,3,,
2020,North Rhine-Westphalia,household and bulky waste,4007.9,224,,
2020,North Rhine-Westphalia,Separately collected organic waste,2084.3,116,,
2020,North Rhine-Westphalia,Recyclable materials collected separately,2489.2,139,,
2020,North Rhine-Westphalia,Waste electrical equipment,0,0,,
2020,North Rhine-Westphalia,Other waste,29.2,2,,
2020,Rhineland-Palatinate,household and bulky waste,735.3,179,,
2020,Rhineland-Palatinate,Separately collected organic waste,777.5,190,,
2020,Rhineland-Palatinate,Recyclable materials collected separately,692,169,,
2020,Rhineland-Palatinate,old electrical appliances,0,0,,
2020,Rhineland-Palatinate,Other waste,25.5,6,,
2020,Saarland,household and bulky waste,194,197,,
2020,Saarland,Separately collected organic waste,124,126,,
2020,Saarland,Recyclable materials collected separately,156.7,159,,
2020,Saarland,old electrical appliances,0,0,,
2020,Saarland,Other waste,0.6,1,,
2020,Saxony,Household and bulky waste,640.1,158,,
2020,Saxony,Separately collected organic waste,323.7,80,,
2020,Saxony,Recyclable materials collected separately,734,181,,
2020,Saxony,old electrical appliances,0,0,,
2020,Saxony,Other waste,4.3,1,,
2020,Saxony-Anhalt,household and bulky waste,442.9,203,,
2020,Saxony-Anhalt,Separately collected organic waste,266.7,122,,
2020,Saxony-Anhalt,Recyclable materials collected separately,316.1,145,,
2020,Saxony-Anhalt,old electrical appliances,0,0,,
2020,Saxony-Anhalt,Other waste,7.1,3,,
2020,Schleswig-Holstein,household and bulky waste,679.2,233,,
2020,Schleswig-Holstein,Separately collected organic waste,357.4,123,,
2020,Schleswig-Holstein,separately collected recyclables,439.5,151,,
2020,Schleswig-Holstein,old electrical appliances,0,0,,
2020,Schleswig-Holstein,Other waste,3.4,1,,
2020,Thuringia,household and bulky waste,404.7,191,,
2020,Thuringia,Separately collected organic waste,246.1,116,,
2020,Thuringia,Separately collected recyclable materials,297.5,140,,
2020,Thuringia,old electrical appliances,0,0,,
2020,Thuringia,Other waste,1.6,1,,
2020,Total,Household and bulky waste,16135.8,194,,
2020,Total,Separately collected organic waste,10634.2,128,,
2020,Total,Recyclable materials collected separately,12633.6,152,,
2020,Total,Waste Electrical Equipment,0,0,,
2020,Total,Other waste,204,2,,
2021,Baden-Württemberg,household and bulky waste,1601.4,144,,
2021,Baden-Württemberg,Separately collected organic waste,1679.1,151,,
2021,Baden-Württemberg,Recyclable materials collected separately,1799.1,162,,
2021,Baden-Württemberg,Waste electrical equipment,0,0,,
2021,Baden-Württemberg,Other waste,9.7,1,,
2021,Bavaria,household and bulky waste,2264.6,172,,
2021,Bavaria,Separately collected organic waste,2109,160,,
2021,Bavaria,Recyclable materials collected separately,2118.9,161,,
2021,Bavaria,Waste electrical equipment,0,0,,
2021,Bavaria,Other waste,68.1,5,,
2021,Berlin,household and bulky waste,878.8,239,,
2021,Berlin,Separately collected organic waste,139.4,38,,
2021,Berlin,Recyclable materials collected separately,387.5,105,,
2021,Berlin,old electrical appliances,0,0,,
2021,Berlin,Other waste,1.2,0,,
2021,Brandenburg,household and bulky waste,555.7,219,,
2021,Brandenburg,Separately collected organic waste,242.8,96,,
2021,Brandenburg,Recyclable materials collected separately,364.8,144,,
2021,Brandenburg,Waste electrical equipment,0,0,,
2021,Brandenburg,Other waste,10,4,,
2021,Bremen,household and bulky waste,158.7,235,,
2021,Bremen,Separately collected organic waste,59.4,88,,
2021,Bremen,Separately collected recyclable materials,80.8,119,,
2021,Bremen,old electrical appliances,0,0,,
2021,Bremen,Other waste,0.2,0,,
2021,Hamburg,household and bulky waste,473.5,255,,
2021,Hamburg,Separately collected organic waste,103.6,56,,
2021,Hamburg,Recyclable materials collected separately,215.2,116,,
2021,Hamburg,old electrical appliances,0,0,,
2021,Hamburg,Other waste,5.1,3,,
2021,Hessen,household and bulky waste,1094.7,174,,
2021,Hessen,Separately collected organic waste,909.3,144,,
2021,Hessen,Separately collected recyclables,853.8,136,,
2021,Hesse,old electrical appliances,0,0,,
2021,Hessen,Other waste,15.1,2,,
2021,Mecklenburg-Western Pomerania,Household and bulky waste,370.5,230,,
2021,Mecklenburg-Western Pomerania,Separately collected organic waste,155.7,97,,
2021,Mecklenburg-Western Pomerania,Recyclable materials collected separately,221.4,137,,
2021,Mecklenburg-Western Pomerania,Waste electrical equipment,0,0,,
2021,Mecklenburg-Western Pomerania,Other waste,1.1,1,,
2021,Lower Saxony,household and bulky waste,1526.1,190,,
2021,Lower Saxony,Separately collected organic waste,1391.2,173,,
2021,Lower Saxony,Recyclable materials collected separately,1337.2,167,,
2021,Lower Saxony,old electrical appliances,0,0,,
2021,Lower Saxony,Other waste,21.6,3,,
2021,North Rhine-Westphalia,household and bulky waste,4138.6,231,,
2021,North Rhine-Westphalia,Separately collected organic waste,2194.2,122,,
2021,North Rhine-Westphalia,Recyclable materials collected separately,2448.4,137,,
2021,North Rhine-Westphalia,Waste electrical equipment,0,0,,
2021,North Rhine-Westphalia,Other waste,31.5,2,,
2021,Rhineland-Palatinate,household and bulky waste,925.9,225,,
2021,Rhineland-Palatinate,Separately collected organic waste,786.6,192,,
2021,Rhineland-Palatinate,Recyclable materials collected separately,682.3,166,,
2021,Rhineland-Palatinate,old electrical appliances,0,0,,
2021,Rhineland-Palatinate,Other waste,99,24,,
2021,Saarland,household and bulky waste,189.2,193,,
2021,Saarland,Separately collected organic waste,134.7,137,,
2021,Saarland,Recyclable materials collected separately,158.4,161,,
2021,Saarland,Waste electrical equipment,0,0,,
2021,Saarland,Other waste,0.8,1,,
2021,Saxony,household and bulky waste,645,160,,
2021,Saxony,Separately collected organic waste,349.1,86,,
2021,Saxony,Recyclable materials collected separately,751.6,186,,
2021,Saxony,old electrical appliances,0,0,,
2021,Saxony,Other waste,4.2,1,,
2021,Saxony-Anhalt,household and bulky waste,438.8,202,,
2021,Saxony-Anhalt,Separately collected organic waste,275.1,127,,
2021,Saxony-Anhalt,separately collected recyclables,319.4,147,,
2021,Saxony-Anhalt,Waste electrical appliances,0,0,,
2021,Saxony-Anhalt,Other waste,2.2,1,,
2021,Schleswig-Holstein,household and bulky waste,681.1,233,,
2021,Schleswig-Holstein,Separately collected organic waste,370,127,,
2021,Schleswig-Holstein,separately collected recyclables,433.6,148,,
2021,Schleswig-Holstein,old electrical appliances,0,0,,
2021,Schleswig-Holstein,Other waste,3.6,1,,
2021,Thuringia,household and bulky waste,400.8,190,,
2021,Thuringia,Separately collected organic waste,271.2,129,,
2021,Thuringia,Separately collected recyclable materials,295,140,,
2021,Thuringia,old electrical appliances,0,0,,
2021,Thuringia,Other waste,1.4,1,,
2021,Total,Household and bulky waste,16343.4,196,,
2021,Total,Separately collected organic waste,11170.4,134,,
2021,Total,Recyclable materials collected separately,12467.4,150,,
2021,Total,Waste Electrical Equipment,0,0,,
2021,Total,Other waste,274.8,3,,
